KORAL & PARTNERS ONE SH.P.K.,812033900,Regjistruar,+38345325300,info@koralpartners.com
URBAN GROUP 112 SH.P.K.,812033752,Regjistruar,+38346681681,urbangroup112@gmail.com
LIKA INVEST FER SH.P.K.,812033687,Regjistruar,+38344370716,likaconstrucion@gmail.com
P�rparim B. Kastrati B.I.,812033497,Regjistruar,+38349178398,p�rparimkastrati20@gmail.com
Artan Prushi B.I.,812033372,Regjistruar,+38349656259,artanprushi23@gmail.com
BAXA PARTNERS SH.P.K.,812032762,Regjistruar,+38348209295,baxapartners@gmail.com
Mali Construction SH.P.K.,812032035,Regjistruar,+38349755537,mali.construction@hptmail.com
H M CONSTRUCTION SH.P.K.,812031219,Regjistruar,+38345620603,elektro.ulpiana@gmail.com
PEJA E RE SH.P.K.,812031003,Regjistruar,+38349185589,fisnikkaliqani@gmail.com
B M B Brothers  SH.P.K.,812030948,Regjistruar,+38344820918,betimkrasniqi2023@gmail.com
Leoni Construction Company SH.P.K.,812030170,Regjistruar,+38344809029,leon14shpk@gmail.com
Virton SH.P.K.,812030146,Regjistruar,+38344102301,sabrizymeri@gamil.com
Prestige Builders Group SH.P.K.,812030104,Regjistruar,+38349176752,prestigebuilders.ks@gmail.com
BV HOLDING SH.P.K.,812030039,Regjistruar,+38345548006,bashkimhasani14@gmail.com
Sever Kop D.O.O.,812029876,Regjistruar,+38347125054,sanjja.jozanovic@gmail.com
AR Construction23 SH.P.K.,812029793,Regjistruar,+38349540635,ar.constructionbi@gmail.com
PAC  SH.P.K.,812029610,Regjistruar,+38344493154,arsim.proarch@gmail.com
Prestige Builders SH.P.K.,812028901,Regjistruar,+38349176752,petritspahiu@hotmail.com

PRO DON CONSTRUCTİON L.L.C.,812028703,Regjistruar,+38349191514,prodon.ks@gmail.com
ARAGONIT Homes SH.P.K.,812028539,Regjistruar,+38344198863,aragonithomes@gmail.com
Muharrem A. Musa B.I.,812027747,Regjistruar,+38349348229,rremam119@gmail.com
ABDALLAH MOWAFAQ ABDALLAH RAMADAN B.I.,812027705,Regjistruar,+38349898810,a6remo@gmail.com
Llamarin Punues Loni SH.P.K.,812027672,Regjistruar,+38349326543,llamarinpunuesloni@gmail.com
HAYAT GROUP SH.P.K.,812027581,Regjistruar,+38349378932,rkshayat@gmail.com
Kujtim Be. Berisha B.I.,812027143,Regjistruar,+38343563016,kujtim.b12@icloude.com
PERA GROUP CONSTRUCTION SH.P.K.,812026971,Regjistruar,+38343573055,info@peraconstructiongroup.com
R & L INVESTMENT  SH.P.K.,812026591,Regjistruar,+38344634634,redon.bajrami@hotmail.com
VESELAJ GROUP  SH.P.K.,812026442,Regjistruar,+38349432893,veselajgroupshpk@gmail.com
Liridoni Group SH.P.K.,812026343,Regjistruar,+38349330252,liridon.keqolli@gmail.com
HONA Invest SH.P.K.,812026286,Regjistruar,+38344797797,honainvest2@gmail.com
Andi Jahiu B.I.,812026103,Regjistruar,+38348737171,simplepersonontop@gmail.com
AKSM GROUP SH.P.K.,812025965,Regjistruar,+38349100690,adelinamorina517@hotmail.com
CORE CONSTRUCTION KOSOVO L.L.C.,812025907,Regjistruar,+38345250240,argjirabilalli@outlook.com
AlbioniFix SH.P.K.,812025551,Regjistruar,+38349898800,albionsadiku2005@outlook.com
Mili Invest  SH.P.K.,812024694,Regjistruar,+38345682346,vali.rama2@icloud.com
DRESHAJ GROUP SH.P.K.,812024545,Regjistruar,+38344473343,dreshajgroup@gmail.com
AZ Tehno SH.P.K.,812024446,Regjistruar,+38349648868,kastriotgerguri3@gmail.com
Maya Corp  SH.P.K.,812024412,Regjistruar,+38349811161,sensoygokay@hotmail.com
KOSIF ing L.L.C.,812024264,Regjistruar,+38349841841,abdullah_kosif@hotmail.com
ARCOM INTERNATIONAL SHPK Dega në Kosovë,812024165,Regjistruar,+38349410040,arcomshpk@gmail.com
G & A Invest  SH.P.K.,812023141,Regjistruar,+38348754322,gainvest23@gmail.com
RT & SH Invest SH.P.K.,812023125,Regjistruar,+38344128112,rtshinvestshpk@gmail.com
HALITAJ GROUP SH.P.K.,812022979,Regjistruar,+38343844624,malvesahalitaj285@gmail.com
REXHAJ GROUP SH.P.K.,812022953,Regjistruar,+38344138617,mustafrexhaj03@gmail.com
Niki 999 SH.P.K.,812022870,Regjistruar,+38344365555,sulinoshpk@gmail.com
Rial SH.P.K.,812022838,Regjistruar,+38349325721,rialshpk@gmail.com
Adnan I. Hajdari B.I.,812022424,Regjistruar,+38349215415,albi.a2023@gmail.com
BP Projects Company SH.P.K.,812021963,Regjistruar,+38344765466,bpprojectsshpk@gmail.com
Edon . Gashi B.I.,812021848,Regjistruar,+38345511441,edonkryeziu04@icloud.com
EGZO GROUP L.L.C.,812021682,Regjistruar,+38348603003,egzo-group@hotmail.com
Armend Kovaqi B.I.,812021674,Regjistruar,+38343872705,armend.k@hotmail.com
LONI BAU SH.P.K.,812021567,Regjistruar,+38348111313,info.demaj@gmail.com
EING COM & EL BAU SH.P.K.,812021179,Regjistruar,+38349263052,info@eing-ks.com
Valon Maxharri B.I.,812020999,Regjistruar,+38345252223,valonmaxharri@gmail.com
INGBYRO NDËRTIMI  SH.P.K.,812020981,Regjistruar,+38344143435,ingbyrondertimi@hotmail.com
Besmiri Construction SH.P.K.,812020741,Regjistruar,+38345663436,shpk.besmiri@gmail.com
SHANTIRI BUILDINGS SH.P.K.,812020402,Regjistruar,+38349782782,shantiribuildings@hotmail.com
Vëllezërit  Kajtazaj SH.P.K.,812019984,Regjistruar,+38344282328,sadatuqa@gmail.com
ADRA GROUP CONSTRUCTION SH.P.K.,812017821,Regjistruar,+38344703618,adragroupks@gmail.com
Una Projekt 23 SH.P.K.,812017441,Regjistruar,+38344205974,unaprojekt23@gmail.com
ARTNIS GROUP SH.P.K.,812016774,Regjistruar,+38345668519,artnisshpk2023@gmail.com
ImmoInvest SH.P.K.,812016625,Regjistruar,+38349555111,immoinvestshpk@gmail.com
Arton P. Haxhiu B.I.,812016295,Regjistruar,+38344933203,Arton.haxhiu86@gmail.com
Company Euro Com 2000 L.L.C.,812015940,Regjistruar,+38348152352,eurocomshpk2000@gmail.com
Blerim N. Xhigoli B.I.,812015213,Regjistruar,+38344857581,blerimgjigoli@gmail.com
ZAM Group SH.P.K.,812015057,Regjistruar,+38345191111,Zamgroup23@gmail.com
ROANI BAU SH.P.K.,812014968,Regjistruar,+38344135622,emrushferati66@gmail.com
AB 1 SH.P.K.,812014653,Regjistruar,+38345505612,abshpk1@gmail.com
VËLLEZËRIT QERIQI GROUP SH.P.K.,812014158,Regjistruar,+38345830671,vëllezëritqeriqi@gmail.com
EH  GROUP SH.P.K.,812013481,Regjistruar,+38344501769,ehgroupshpk@gmail.com
EDI INVEST SH.P.K.,812013390,Regjistruar,+38345150500,ediinvest.shpk@gmail.com
NB Bytyqi Construction SH.P.K.,812012722,Regjistruar,+38346257257,luanishpk1@gmail.com
Limi Group SH.P.K.,812012631,Regjistruar,+38345813081,limigroup.rks@gmail.com
Avdullah R. Berisha B.I.,812012441,Regjistruar,+38343807353,Letaberisha28@hotmail.com
IBISHAJ BAU  SH.P.K.,812012243,Regjistruar,+38343845294,arlindvrajolli12@gmail.com
Albaniti Construction SH.P.K.,812012227,Regjistruar,+38349192141,rilindthaci9@gmail.com
ILIRIA GRUP SH.P.K.,812012037,Regjistruar,+38349881199,hoxhaekrem@gmail.com
EMK CONSTRUCTION L.L.C.,812011980,Regjistruar,+38343777232,korkozturk@gmail.com
Elshani Invest SH.P.K.,812011922,Regjistruar,+38343878727,elshaniinvest@gmail.com
ROELI CONSTRUCTION SH.P.K.,812011732,Regjistruar,+38344401801,enver.sahiti60@gmail.com
Valdrini Construction SH.P.K.,812011617,Regjistruar,+38349501101,valdrinleniqi98@gmail.com
MENDI ING2023 SH.P.K.,812011170,Regjistruar,+38345661016,mendiing23@gmail.com
VG Holding Group SH.P.K.,812009711,Regjistruar,+38344377666,benetagashi@gmail.com
EDUKATOR INVESTMENT L.L.C.,812009381,Regjistruar,+38349733755,genorgroup@gmail.com
PAJTIMI GROUP SH.P.K.,812008771,Regjistruar,+38349122151,edeklarimet@gmail.com
GMB Invest SH.P.K.,812008705,Regjistruar,+38349747041,lirkutllovci@gmail.com
Omi Invest SH.P.K.,812008292,Regjistruar,+38344459999,ekoinvestks@gmail.com
Nejazi Gavazi B.I.,812008010,Regjistruar,+38344790175,gavazi2023@outlook.com
DUSHI RESIDENCE SH.P.K.,812007575,Regjistruar,+38344222636,dushiresidencen@gmail.com
SK&NB CONSTRUCTION  SH.P.K.,812007476,Regjistruar,+38345205005,samikryeziu123@gmail.com
Lesna Group L.L.C.,812007450,Regjistruar,+38344883200,lesnagroup@gmail.com
ERINDI GROUP SH.P.K.,812007351,Regjistruar,+38348144200,samileku184@gmail.com
BUILT IT SH.P.K.,812007319,Regjistruar,+38344440444,albionthaqiapp@icloud.com
Osmani Group  SH.P.K.,812007088,Regjistruar,+38349577999,doni_o_18@hotmail.com
ARGJENDI PRO SH.P.K.,812006949,Regjistruar,+38348141525,altinmavraj2002@gmail.com
N ABLE SH.P.K.,812006618,Regjistruar,+38349790006,naimbazaj64@gmail.com
LASKU ARCHITEKTUR SH.P.K.,812005991,Regjistruar,+38349689980,rudolflaski8@gmail.com
British Invest SH.P.K.,812005389,Regjistruar,+38345861708,granit-shasivari@hotmail.com
Prestige Construction SH.P.K.,812005016,Regjistruar,+38343758781,prestigecons1@gmail.com
Muratori Zeqiraj SH.P.K.,812004844,Regjistruar,+38349386027,nolizeqiraj@gmail.com
FERI CONSTRUCTION SH.P.K.,812004092,Regjistruar,+38345430270,eafinancellc@gmail.com
VIP GROUP SH.P.K.,812003177,Regjistruar,+38348616111,vipgroup.shpk@gmail.com
BABAJ PROJECT SH.P.K.,812003052,Regjistruar,+38344747600,jakupbabaj@gmail.com
Komjet Shala B.I.,812002799,Regjistruar,+38345820695,premiumapartments@gmail.com
Stars Invest L.L.C.,812002749,Regjistruar,+38345332211,koni.abazi@gmail.com
Fortuna Constraction SH.P.K.,812002418,Regjistruar,+38349119211,fortunaconstraction@gmail.com
Amari Ing Group SH.P.K.,812002210,Regjistruar,+38345314321,muharrembytyqi1992@gmail.com
GLOBAL INVEST GROUP SH.P.K.,812001527,Regjistruar,+38349390313,besimhajrizi93@gmail.com
LFDD KFT Dega në Kosovë,812000917,Regjistruar,+38344162527,lfdd.kft@gmail.com
ALBI CONSTRUCTION SH.P.K.,812000727,Regjistruar,+38163778700,fazliu.xhemal@gmail.com
HMMB GROUP SH.P.K.,812000686,Regjistruar,+38344441595,blerimbellagoshi56@gmail.com
Max Company  SH.P.K.,812000595,Regjistruar,+38344666455,maxcompany559@gmail.com
Etna Sadiku B.I.,812000454,Regjistruar,+38344880001,etnaa-s@hotmail.co
Ali Halilaj B.I.,812000040,Regjistruar,+38343819195,aurora.halilajj@gmail.com
Rich Invest  L.L.C.,811999963,Regjistruar,+38344699999,rexhepih@gmail.com
AL TRADE & VLLEZERIT ASLLANI SH.P.K.,811999567,Regjistruar,+38348777888,altradevllezeritasllani@gmail.com
Diari ElectroBau SH.P.K.,811999260,Regjistruar,+38344678280,diarielectrobau@gmail.com
TRIOS BKR L.L.C.,811998981,Regjistruar,+38344819007,alirizanaj18@gmail.com
ETNOGROUP CO SH.P.K.,811998890,Regjistruar,+38344770001,etnogroup-sh.p.k@hotmail.com
The Eye Build L.L.C.,811998709,Regjistruar,+38343828640,shk.gashi@icloud.com
BUILDING COMPANY SH.P.K.,811998311,Regjistruar,+38349810000,nolbeqiri5@gmail.com
DUA INVEST SH.P.K.,811998147,Regjistruar,+38338349449,dritan_ninaj@hotmail.com
PINE PARK CONSTRUCTION  L.L.C.,811997818,Regjistruar,+38345361120,kingu_king@hotmail.com
Gjakova Premium Constructions SH.P.K.,811997496,Regjistruar,+38349185589,gjakovapremiumconstuctions@gmail.com
FOLEJA RESIDENCE SH.P.K.,811997256,Regjistruar,+38344908090,valon.bytyqi@gmail.com
MUJA2022 SH.P.K.,811997074,Regjistruar,+38349506704,mujashpk1@gmail.com
VLLEZËRIT BAJRAMI 2022 SH.P.K.,811996810,Regjistruar,+38345277255,lirimbajrami144@gmail.com
Xhemajl H. Selimi B.I.,811996414,Regjistruar,+38344732431,as9_3414@hotmail.com
Geshtenja NL SH.P.K.,811996290,Regjistruar,+38349699937,geshtenjanlshpk@gmail.com
Dream Invest SH.P.K.,811995945,Regjistruar,+38348156604,zana.alaj@gmail.com
Yoker KS SH.P.K.,811995862,Regjistruar,+38344525666,Yokers@gmail.com
Rasmin Hamza B.I.,811995698,Regjistruar,+38344841434,rasmin@live.com
ING BAU SH.P.K.,811995284,Regjistruar,+38349888062,ingbaushpk@gmail.com
Lira Invest L.L.C.,811995010,Regjistruar,+38346141051,lirjetahasani96@gmail.com
ADA RESIDENCE SH.P.K.,811994640,Regjistruar,+38344142148,astritmartinaj432@hotmail.com
KOHA PREMIUM SH.P.K.,811994509,Regjistruar,+38349888843,kohagroup2@gmail.com
EURO INVEST GROUP  SH.P.K.,811994426,Regjistruar,+38345551205,euro-invest@outlook.com
In Invest Construction SH.P.K.,811994418,Regjistruar,+38344151651,ininvestshpk@gmail.com
Herona  Holding SH.P.K.,811994385,Regjistruar,+38348397722,ilir.geci@gmail.com
HYSENAJ CONSTRUCTION SH.P.K.,811993501,Regjistruar,+38345123111,hysenaj.construction@hotmail.com
Creative Building SH.P.K.,811992644,Regjistruar,+38349383816,qendrimzh38@hotmail.com
BOLD INVEST SH.P.K.,811992214,Regjistruar,+38345219220,a.rama3000@gmail.com
PriLine L.L.C.,811992115,Regjistruar,+38344550274,ark.shabanrrahmani@gmail.com
Engineering RK SH.P.K.,811992024,Regjistruar,+38344193906,engineering_viti@hotmail.com
DEA CENTER SH.P.K.,811991886,Regjistruar,+38345152743,deakosove@gmail.com
LIK INVEST L.L.C.,811991414,Regjistruar,+38349644141,loriikaliu@hotmail.com
TRE Invest Group SH.P.K.,811991282,Regjistruar,+38344334499,daniterm2@gmail.com
AGI AAM SH.P.K.,811991084,Regjistruar,+38349338608,arber.pula@gmail.com
Glowing Lake L.L.C.,811991068,Regjistruar,+38349174742,premiumhome.ks@gmail.com
GIGA INVESTMENT SH.P.K.,811991050,Regjistruar,+38349561666,gasparottijuri380@gmail.com
BABEL SH.P.K.,811990846,Regjistruar,+38349822618,almigroupks@gmail.com
Bujar Ime. Berisha B.I.,811990002,Regjistruar,+38345611316,bujarberishabi@hotmail.com
NDËRTUESI BKB GROUP SH.P.K.,811989914,Regjistruar,+38344333357,bashkimgashi76@gmail.com
CREATIVE BUILD SH.P.K.,811989336,Regjistruar,+38349299304,haxhishala01@hotmail.com
Vllezrit Aliu  AAB  SH.P.K.,811989146,Regjistruar,+38349599267,izetbasholli1@gmail.com
OMER & NIL SH.P.K.,811988875,Regjistruar,+38349488878,sarandadobra01@hotmail.com
KRASNIQI ING SH.P.K.,811988734,Regjistruar,+38349486985,shpejtimkras1@gmail.com
ALCO SH.P.K.,811988700,Regjistruar,+38344414471,alcoshpk01@gmail.com
GFB KODRA SH.P.K.,811988388,Regjistruar,+38349885285,bytyqiflorent4@gmail.com
Construction PR  Group SH.P.K.,811988198,Regjistruar,+38344111906,luli.eko@gmail.com
Nadijan Nuri B.I.,811987877,Regjistruar,+38345711487,nuri.nadian2@gmail.com
Adnan Raka B.I.,811987538,Regjistruar,+38346120889,adnanraka@hotmail.com
Xhabir Duda B.I.,811987356,Regjistruar,+38344718796,dudaxhabir89@gmail.com
Sami Sh. Sejdiu B.I.,811987059,Regjistruar,+38345932934,samisejdiu@hotmail.com
Rizah A. Brahimi B.I.,811986704,Regjistruar,+38345506220,rizah-881@gmail.com
Arsim Xh. Berisha B.I.,811986340,Regjistruar,+38343729875,arsimberisha24@gmal.com
Kompleksi Alpi SH.P.K.,811985631,Regjistruar,+38345261161,komplekialpishpk@gmail.com
GRAND HOLDING CONSTRUCTION  SH.P.K.,811985615,Regjistruar,+38344159548,arberzhubi@live.com
Arben A. Mazreku B.I.,811985441,Regjistruar,+38346116600,blinim78@icloud.com
SV  CONSTRUCTION SH.P.K.,811985269,Regjistruar,+38349326900,ferizaj2020l@gmail.com
E&Z CONSTRUCTION SH.P.K.,811984922,Regjistruar,+38345703333,ezconstructionshpk@gmail.com
N & L Geci Invest  SH.P.K.,811984708,Regjistruar,+38344976009,nlgeciinvest@gmail.com
ANDI E.E. SH.P.K.,811984550,Regjistruar,+38344347715,andieeshpk@gmail.com
MENDI INVEST  SH.P.K.,811983916,Regjistruar,+38349200563,mendi.invest@gmail.com
Karaman L.L.C.,811983867,Regjistruar,+38345419610,burak-cinci@hotmail.com
BEL KOSTURI SH.P.K.,811983510,Regjistruar,+38344123309,ylberkosturi@gmail.com
Concept Renovation SH.P.K.,811982786,Regjistruar,+38349715266,concept.renovation.viti@gmail.com
NS Fer SH.P.K.,811982710,Regjistruar,+38345207960,nsfershpk@gmail.com
M&G INVEST  SH.P.K.,811982603,Regjistruar,+38344277468,luanishpk1@gmail.com
KSL SH.P.K.,811982124,Regjistruar,+38348200215,Kastriotlikaj1@gmail.com
PG1 GROUP SH.P.K.,811982059,Regjistruar,+38344558558,pajtimgashi151@gmail.com
Beti Beta SH.P.K.,811981548,Regjistruar,+38348806802,aquka123@gmail.com
Nuhi Sh. Hoti B.I.,811981150,Regjistruar,+38345633369,nuhihoti4@gmail.com
Lavdimi Group SH.P.K.,811981069,Regjistruar,+38349433295,lavdimkaraqica@gmail.com
YAĞIZ TRUSAL CONSTRUCTION L.L.C.,811980855,Regjistruar,+38349115911,info@boldconsulting.info
EURO BALLKAN SH.P.K.,811980813,Regjistruar,+38348470888,artan.hamiti1@gmail.com
BLINI INVEST GROUP  SH.P.K.,811979692,Regjistruar,+38345455155,bliniinvestgroup@gmail.com
ANOR Invest L.L.C.,811979098,Regjistruar,+38344800001,artan.neziri@gmail.com
BOHO L.L.C.,811978933,Regjistruar,+38349747475,yshabani@geotech.al
SF4B L.L.C.,811978909,Regjistruar,+38344185701,runiku000@gmail.com
Ramadan Sh. Bytyqi B.I.,811978462,Shuar,+38344269348,muratoribehari@hotmail.com
LIKA COSTRUZIONI   SH.P.K.,811978339,Regjistruar,+38349475974,Sovrangashi1@gmail.com
Milazim Luma B.I.,811978313,Regjistruar,+38345516595,milazim.luma@hotmail.com
Flamur Bujupaj B.I.,811978090,Regjistruar,+38344672765,flamurbujupaj2@gmail.com
Tiara Group SH.P.K.,811977670,Regjistruar,+38349477071,tiarashpk@gmail.com
Kulla Construction SH.P.K.,811977117,Regjistruar,+38349621234,cityviewdistrict@gmail.com
Lira Invest Group SH.P.K.,811976911,Regjistruar,+38349182577,investshpk@gmail.com
LE KUBËZA SH.P.K.,811976234,Regjistruar,+38349309359,endritkrq@gmail.com
ROEL SH.P.K.,811976036,Regjistruar,+38349338533,roel.shpk@gmail.com
CUBE INVEST SH.P.K.,811975608,Regjistruar,+38344168343,vehbi.maxhuni@redoni.com
KSA Construction Group L.L.C.,811975492,Regjistruar,+38349999970,kreshniksada@gmail.com
PREMIUM INVEST 002 SH.P.K.,811975244,Regjistruar,+38462462246,investpremium@gmail.com
HISARI HILL SH.P.K.,811974725,Regjistruar,+38344136523,info@hisarishpk-ks.com
FRESKIA COMPANY  SH.P.K.,811974444,Regjistruar,+38349697769,a.koka@kokaq.ch
SwissMAK SH.P.K.,811974212,Regjistruar,+38344289932,termoenergjetika@gmail.com
DEZI GROUP  SH.P.K.,811974105,Regjistruar,+38349225225,muhamedsollova92@gmail.com
Kristal Contractors SH.P.K.,811973941,Regjistruar,+38349471472,franklinramaj01@gmail.com
V.LISI SH.P.K.,811973686,Regjistruar,+38348189189,vlisishpk@hotmail.com
Garnet Group SH.P.K.,811973488,Regjistruar,+38349188848,garnetgroup22@gmail.com
Dardania Home SH.P.K.,811973438,Regjistruar,+38349777821,dardaniaconstruction@hotmail.com
SOPA BAU BB SH.P.K.,811973404,Regjistruar,+38345333553,sopabau.lipjan@gmail.com
WANN INVEST PARTNERS SH.P.K.,811973032,Regjistruar,+38349900920,valonwataj@gmail.com
XHEKU CONSTRUCTION SH.P.K.,811972208,Regjistruar,+38345474401,xhevdetblakaj@outlook.com
STANDARD VD SH.P.K.,811972092,Regjistruar,+38344146464,zariqivehbi@gmail.com
VIVERA Invest L.L.C.,811971648,Regjistruar,+38349108111,f.haxhija@hotmail.com
TONI Invest SH.P.K.,811971630,Regjistruar,+38349270264,toni_glass@hotmail.com
ALIU CONSTRUCTION SH.P.K.,811970450,Regjistruar,+38344967822,flamur.aliu@yahoo.com
Timi & Timi's Group L.L.C.,811970260,Regjistruar,+38345509309,timi@timis.com.au
D12 Construction & Engineering SH.P.K.,811969635,Regjistruar,+38349254832,d12shpk@gmail.com
ARMENDI BAU SH.P.K.,811969429,Regjistruar,+38349125071,armendiibau@gmail.com
AD MICRODECOR SH.P.K.,811969320,Regjistruar,+38343585858,atdhedesku@gmail.com
VERA INVEST SH.P.K.,811969247,Regjistruar,+38346174852,lindi1504@hotmail.com
FERIZI CONSTRUCTION SH.P.K.,811969065,Regjistruar,+38344741725,ferizi70@live.com
Geshtenja Ndertimi SH.P.K.,811968596,Regjistruar,+38344750550,geshtenjandertimi@hotmail.com
J&G Construction Group  L.L.C.,811968380,Regjistruar,+38349868707,jgconstructionks@gmail.com
3KOSBEL TRADING L.L.C.,811968132,Regjistruar,+38349544111,merkur_krasniqi@yahoo.com
Matanna Construct  SH.P.K.,811967994,Regjistruar,+32489003152,ilirzerza1970@gmail.com
Xërxa Construct SH.P.K.,811967936,Regjistruar,+38343927558,ibrahimxerxa1981@gmail.com
Parajsa e Gjelbër SH.P.K.,811967754,Regjistruar,+38348808108,valon@tehalimi.me
Regina Construction SH.P.K.,811967621,Regjistruar,+38349224411,reginaconstructionshpk@gmail.com
ZABELI CONSTRUCTION SH.P.K.,811967548,Regjistruar,+38349351002,zabeliconstruction@gmail.com
BIRKA SH.P.K.,811967027,Regjistruar,+38345822618,elisabetaasllani87@gmail.com
Light Steel Framing Kosova SH.P.K.,811967019,Regjistruar,+38348250261,kosovalsf@gmail.com
JNT Sky Project SH.P.K.,811966730,Regjistruar,+38348433444,ntgrouppz@gmail.com
EBM SH.P.K.,811966459,Regjistruar,+38344835355,ebmshpk@gmail.com
KAM  Construction SH.P.K.,811966318,Regjistruar,+38343888538,kamgroupshpk@gmail.com
Ideal Capital SH.P.K.,811965766,Regjistruar,+38345121002,agskosovo@gmail.com
ENKO DEVELOPMENT L.L.C.,811965683,Regjistruar,+38343737343,enko.development.ks@gmail.com
HBAGDER GROUP SH.P.K.,811965310,Regjistruar,+38348202463,hbagder@gmail.com
AGRO ADRIA HOLLDING Construction SH.P.K.,811965253,Regjistruar,+38344185860,enver.sahiti60@gmail.com
BENITA CORPORATION SH.P.K.,811965055,Regjistruar,+38349138847,benitashpk@gmail.com
Rimmo SH.P.K.,811964180,Regjistruar,+38345542835,fadil.fr@hotmail.com
FETAHAJ COMPANY SH.P.K.,811964172,Regjistruar,+38349822151,erionf@icloud.com
Albaconst  L.L.C.,811964106,Regjistruar,+38344355735,Albaconst@yandex.com
BACI  CONSTRUCTION  SH.P.K.,811964099,Regjistruar,+38344343228,baciconstruction3@gmail.com
Blerand R. Krasniqi B.I.,811964007,Regjistruar,+38349832450,blerandkrasniqi17@gmail.com
Bellevue Company L.L.C.,811963661,Regjistruar,+38349131121,companybellevue@gmail.com
NN Prishtina Group SH.P.K.,811963124,Regjistruar,+38344694211,nnprishtina@gmail.com
TRINGA & TROJAN  SH.P.K.,811963059,Regjistruar,+38345155566,tringa&trojan@gmail.com
ERIONI S SH.P.K.,811962704,Regjistruar,+38344875493,erionishpk78@gmail.com
BISLIMAJ INVEST SH.P.K.,811962613,Regjistruar,+38349542870,bislimajinvest@gmail.com
YGZ L.L.C.,811962522,Regjistruar,+38349115911,info@boldconsulting.info
BPA GMBH GARTEN & PFLASTERBAU SH.P.K.,811962431,Regjistruar,+38345810081,architect.besi@gmail.com
MS I.Hoti Bau L.L.C.,811962275,Regjistruar,+38344958763,msihotibau@gmail.com
Green Village SH.P.K.,811961574,Regjistruar,+38349287000,fatmir.hasani@gmail.com
46 GROUP SH.P.K.,811961194,Regjistruar,+38349111119,m0nd@live.com
Burim Makolli B.I.,811961045,Regjistruar,+38344552799,burimmakolli07@gmail.com
BTB  icon SH.P.K.,811960667,Regjistruar,+38345619199,2Bprojectshpk@gmail.com
PIKA INVEST SH.P.K.,811960203,Regjistruar,+38349539531,nazmimaxhuni22@gmail.com
INFINIT Builders SH.P.K.,811960162,Regjistruar,+38345333678,infinitbuilders@gmail.com
Neobau Immobilien AG SH.P.K.,811960154,Regjistruar,+38344991818,counselingcaptal9@gmail.com
Univers Group L.L.C.,811960104,Regjistruar,+38349693017,bujar.tafa@universitetiaab.com
KEPI INTERNATIONAL SOLUTIONS LIMITED Branch in Kosovo,811959545,Regjistruar,+38344715509,info@proacc-ks.com
Mergim Imishti B.I.,811959214,Regjistruar,+38349296063,mergimimishti2@gmail.com
Ismail Huneli B.I.,811959206,Regjistruar,+38349296063,mergimimishti2@gmail.com
Humolli Group SH.P.K.,811959199,Regjistruar,+38345644784,humolligroup88@gmail.com
Noari Construction  SH.P.K.,811958555,Regjistruar,+38345992790,gentrithalimi33@gmail.com
JET TONI KONSTRUKSION SH.P.K.,811958084,Regjistruar,+38344704917,toni_0201@hotmail.com
Blerim Sh. Xhemajli B.I.,811957945,Regjistruar,+38344946318,xhemajliblerim6@gmail.com
Leutrim B. Gervalla B.I.,811957888,Regjistruar,+38349550119,leutrimgervalla88@gmail.com
Haki Kurti B.I.,811957218,Regjistruar,+38343850674,hakikurti1980@gmail.com
Fehmi Çela B.I.,811957177,Regjistruar,+38349654005,fehmi.çela123@gmail.com
Shaban Avdiu B.I.,811956905,Regjistruar,+38344117082,shabanavdiu30@gmail.com
Pajtim Sa. Krasniqi B.I.,811956898,Shuar,+38349395372,pajtimkrasniqi523@gmail.com
Drilon Sejdiu B.I.,811956872,Regjistruar,+38343809720,Drilonse@outlook.com
ILIADA INVEST  SH.P.K.,811956707,Regjistruar,+38345810081,architect.besi@gmail.com
ALEA TRADING  L.L.C.,811956658,Regjistruar,+38343830897,tradingalea.llc@gmail.com
Valdet Ramabaja B.I.,811956640,Regjistruar,+38344549532,valdet.ramabaja@icloud.com
NDËRTIMTARI AK SH.P.K.,811956468,Regjistruar,+38349866207,adrijankrasniqi@gmail.com
Fer & Diar Invest L.L.C.,811956278,Regjistruar,+38344858111,ferdiarinvest@gmail.com
AJLA Construction SH.P.K.,811956103,Regjistruar,+38344464044,meti.idrizi91@hotmail.com
Maxx LSHB Construction SH.P.K.,811955915,Regjistruar,+38349197537,b_zhegrova@live.com
Apogee Capital Investments SH.P.K.,811955717,Regjistruar,+38349306396,blerim.geneve@gmail.com
G & M DEVELOPMENT GROUP SH.P.K.,811955618,Regjistruar,+38349960200,gm.constructionpremium@gmail.com
Valdrin Selimi B.I.,811955296,Regjistruar,+38348102725,valdrinselimi14@gmail.com
ILIRIAN GROUP SH.P.K.,811955139,Regjistruar,+38344262358,shkelzen.ko@gmail.com
Sahit Hajrullahu B.I.,811955064,Regjistruar,+38349331910,sahithajrrllau1985@gmail.com
ATLANTIDA Residence  SH.P.K.,811954694,Regjistruar,+38344398644,atlantidaresidenceshpk@gmail.com
Trabem  SH.P.K.,811953951,Regjistruar,+38348633007,ilir.i.kastrati@gmail.com
Hidro Monti SH.P.K.,811952573,Regjistruar,+38344335547,dautivallnet@hotmil.com
Inara Construction L.L.C.,811952416,Regjistruar,+38348503503,gynej.maxhuni@gmail.com
ELDI 2022 SH.P.K.,811951913,Regjistruar,+38349563996,prishtinaere01@gmail.com
Sabahudin Mulaku B.I.,811951640,Regjistruar,+38343704988,mulakubau@hotmail.com
Pushkolli Investment L.L.C.,811951228,Regjistruar,+38344700308,pushkolliinvestment@gmail.com
CATI & ADI SH.P.K.,811949819,Regjistruar,+38348588688,catii.adii@gmail.com
Euro Feniks I SH.P.K.,811949778,Regjistruar,+38344863307,fenix_ing@live.com
ARG & RAMA SH.P.K.,811949504,Regjistruar,+38344506300,azmonrama@gmail.com
ELEVATOR GROUP L.L.C.,811948605,Regjistruar,+38349341222,elevatorgroup@gmail.com
ABAZAJ GROUP SH.P.K.,811947673,Regjistruar,+38349679403,abazajgroup@gmail.com
Halil Is. Krasniqi B.I.,811947491,Regjistruar,+38345345620,lilkrasniqi586@gmail.com
Model Slovenia Holding  L.L.C.,811947144,Regjistruar,+38349672671,bajramtafa@hotmail.com
Model Slovenia Project L.L.C.,811947136,Regjistruar,+38348694441,afrimtafa@hotmail.com
ROYAL NDERTIMI SH.P.K.,811946617,Regjistruar,+38344984009,ramushdermaku@gmail.com
LOLI CONSTRUCTION SH.P.K.,811946196,Regjistruar,+38348352222,mkamenica5@gmail.com
MP&G Group L.L.C.,811946138,Regjistruar,+38344156604,rrema442@gmail.com
Rrethoja Lani Prof SH.P.K.,811945940,Regjistruar,+38349487686,lanishpkprof@gmail.com
Ilirida Construction SH.P.K.,811945841,Regjistruar,+38344251080,iliridaconstrucion@hotmail.com
Kabashi Invest SH.P.K.,811945734,Regjistruar,+38344502303,jetulla.m.kabashi@gmail.com
Imer Pira B.I.,811945685,Regjistruar,+38344876200,imerpira@outlook.com
KRENARI INVEST L.L.C.,811945627,Regjistruar,+38343755788,krenariinvest@hotmail.com
BHSPartners  SH.P.K.,811945049,Regjistruar,+38344549999,bhsshpk@gmail.com
ILEAA GROUP  L.L.C.,811944885,Regjistruar,+38344633231,ileaagr@gmail.com
KEANI CONSTRUCTION SH.P.K.,811944504,Regjistruar,+38344181121,keaniconstruction@hotmail.com
VM CONSTRUCTION GROUP SH.P.K.,811944497,Regjistruar,+38349379804,vmgroupconstruction@gmail.com
Demaku Bau  SH.P.K.,811944489,Regjistruar,+38345527979,hajzer.demaku@icloud.com
Trevet SH.P.K.,811944471,Regjistruar,+38344275805,trevetshpk@gmail.com
DRITYLL SH.P.K.,811944025,Regjistruar,+38344115400,rademi-16@live.com
Medoss Engineering  L.L.C.,811943746,Regjistruar,+38344383818,medoss.engineering@gmail.com
S&G Holding  L.L.C.,811943605,Regjistruar,+38349444440,SeGeholdingllc@gmail.com
Driton M. Veseli B.I.,811943530,Regjistruar,+38345200677,veselidrilon66@gmail.com
ALB Besniku SH.P.K.,811943340,Regjistruar,+38345706629,albesnikushpk@gmail.com
RM BAU L.L.C.,811943241,Regjistruar,+38345623866,RM-Bau@outlook.com
PRETENI  GROUP SH.P.K.,811942813,Regjistruar,+38349346610,pretenigroupshpk@gmail.com
Besimiri Construction SH.P.K.,811942673,Regjistruar,+38349334489,shpk.besmiri@gmail.com
Residence d'elite L.L.C.,811942483,Regjistruar,+38345505077,residential.veranda@gmail.com
Brothers Group INT  SH.P.K.,811942300,Regjistruar,+38346333322,amardakki6@gmail.com
STORM Partnership SH.P.K.,811942128,Regjistruar,+38345814475,partnershipstorm@gmail.com
Ndërrmarrja Ndërtimore LEDI KASTRATI L.L.C.,811941419,Regjistruar,+38345953599,ledillc@gmail.com
HB UNIK SH.P.K.,811940974,Regjistruar,+38345504913,hbunikshpk@gmail.com
Leoni Construction BNB SH.P.K.,811940685,Regjistruar,+38349526707,leoniconstruction1@gmail.com
ANB & KS SH.P.K.,811940106,Regjistruar,+38349419757,arsimnuradinii@gmail.com
VËLLËZËRIT SINANI SH.P.K.,811939779,Regjistruar,+38345560495,vellezeritsinani22@gmail.com
VËLLËZËRIT GAXHERRI SH.P.K.,811938391,Regjistruar,+38345408177,s.gaxherri1@Icloud.com
NVN SH.P.K.,811937682,Regjistruar,+38349507565,kinemajaere@hotmail.com
Ensari Grup EOA SH.P.K.,811937442,Regjistruar,+38345421444,izetbasholli1@gmail.com
TRUE GROUP  SH.P.K.,811937418,Regjistruar,+38345829089,endritefendija@gmail.com
Luta Bau  SH.P.K.,811937195,Regjistruar,+38344686836,fitim07@gmail.com
Ottawa 005 SH.P.K.,811937070,Regjistruar,+38349950559,Perandorperandor@gmail.com
ALTINI CONSTRUCTION SH.P.K.,811936858,Regjistruar,+38345576564,altiniconstruction@hotmail.com
Sederin  L.L.C.,811936311,Regjistruar,+38345893520,forstar2011@gmail.com
Ariant Këpuska B.I.,811935917,Regjistruar,+38344814668,ariant.k@hotmail.com
ART ENGINEERING BUILDING SH.P.K.,811935909,Regjistruar,+38345203216,faton@hotmail.com
DIKA COMPANY SH.P.K.,811935876,Regjistruar,+38349498311,okio14135@gmail.com
LONISI  SH.P.K.,811935834,Regjistruar,+38349314261,muhameti22@gmail.com
BERISHA IM SH.P.K.,811935678,Regjistruar,+38344761013,b.berishashpk@hotmail.com
Max Project Home SH.P.K.,811935488,Regjistruar,+38344959025,fehmi_aliu@hotmail.com
Masters BR D.O.O.,811935230,Regjistruar,+38345327296,bojan.m.radovanovic@gmail.com
MEIXNER SH.P.K.,811935173,Regjistruar,+38344981000,meixnershpk@gmail.com
Urban A&F Investments  L.L.C.,811934597,Regjistruar,+38349989999,info@urbangrup.com
United Invest L.L.C.,811934521,Regjistruar,+38344777777,granitrexhepi@aol.com
Qupeva Ing SH.P.K.,811934456,Regjistruar,+38349344809,qupevaing.shpk@gmail.com
American Company LLC SH.P.K.,811934365,Regjistruar,+38343587900,bedriraci@icloud.com
Cefe Group SH.P.K.,811933721,Regjistruar,+38349271156,shabniilmi15@gmail.com
Christian Helbig SH.P.K.,811933606,Regjistruar,+38349485567,hc.trading.solution.shpk@gmail.com
DELIJA INVEST SH.P.K.,811933549,Regjistruar,+38349467433,bislimibishi32@icloud.com
E&A Engineers SH.P.K.,811933078,Regjistruar,+38349657111,eaengineers22@gmail.com
HAMITI HC SH.P.K.,811932963,Regjistruar,+38344102290,hamitihc@gmail.com
New Invest L.L.C.,811932773,Regjistruar,+38349127917,blerim.dina@gmail.com
Master Build SRL Dega në Kosovë,811932583,Regjistruar,+38338600031,info@bdokosovo.com
A & M NDËRTIMI SH.P.K.,811932385,Regjistruar,+38349255490,amndertimi@gmail.com
B&E IMMOBILIARE SH.P.K.,811931634,Regjistruar,+38345291064,be.shpk.ks@gmail.com
Imer Vuthaj B.I.,811931577,Regjistruar,+38344818392,imervuthaj@gmail.com
Premium Contractors SH.P.K.,811931478,Regjistruar,+38349138131,ndertimtari.n@gmail.com
Safet Bujupi B.I.,811931444,Regjistruar,+38344362424,safetib@hotmail.com
TONI RESIDENCE SH.P.K.,811931296,Regjistruar,+38344914795,ToniResidence.shpk@hotmail.com
ND PROJECT SH.P.K.,811931072,Regjistruar,+38349230003,xheki95@hotmail.com
Astrit Hisenaj B.I.,811930850,Regjistruar,+38348313821,dioniconstruction@gmail.com
Krena Construction SH.P.K.,811930610,Regjistruar,+38348105050,vllaznimcakiqi@hotmail.com
TOP PROJEKT SH.P.K.,811930537,Regjistruar,+38349938442,topprojekt.pr@gmail.com
European Building Company L.L.C.,811930355,Regjistruar,+38344606400,fljorimkamberi@gmail.com
KUKA COMPANY SH.P.K.,811930321,Regjistruar,+38349662020,judokuka@email.cz
ERA INVEST  L.L.C.,811930157,Regjistruar,+38344419023,armendprekadini@hotmail.com
LEO PREMIUM SH.P.K.,811929704,Regjistruar,+38349197092,petrit.palushaj@hotmail.com
TRAU SH.P.K.,811928384,Regjistruar,+38343503700,kushtrimhasani2@gmail.com
Salih Imeraj B.I.,811928186,Regjistruar,+38343554707,salihimeraj187@gmail.com
UNI PRO INVEST SH.P.K.,811928095,Regjistruar,+38344373321,uniproshpk@gmail.com
Darilo Ingenierburo GmbH SH.P.K.,811928079,Regjistruar,+38349525996,darilo@gmail.com
ALP YAPI ENDUSTRI VE TICARET ANONIM SIRKETI Dega në Kosovë,811927964,Regjistruar,+38349256555,arta.xhema@tag-ks.com
FITA COMPANY SH.P.K.,811927956,Regjistruar,+38344702221,fitim_zuka@hotmail.com
VESELI GROUP SH.P.K.,811927261,Regjistruar,+38349642539,veseligroupshpk@gmail.com
BYTYQI PROJEKT SH.P.K.,811927120,Regjistruar,+38349970400,afrim.bytyqi90@gmail.com
NDERTUESI J SH.P.K.,811927063,Regjistruar,+38349509333,ndertuesi2013@gmail.com
Smajli Bau SH.P.K.,811926768,Regjistruar,+38349432341,ybkont10@gmail.com
Ariani Home SH.P.K.,811926271,Regjistruar,+38344900800,ariani.arbk@gmail.com
FINNI PROJECT SH.P.K.,811925687,Regjistruar,+38345825825,arben.jusufi81@gmail.com
NILI PROJECT SH.P.K.,811924986,Regjistruar,+38349223396,niliproject.2022@gmail.com
Xoni A Construction SH.P.K.,811924936,Regjistruar,+38345413262,egzonishpk001@gmail.com
Building 4 Future SH.P.K.,811924861,Regjistruar,+38349606227,qendrimba@hotmail.com
ABA  CONSTRUCTION  SH.P.K.,811924845,Regjistruar,+38348836620,abaconstuction74@gmsil.com
Amari I&A SH.P.K.,811924829,Regjistruar,+38349300989,sarandaadobruna@gmail.com
Oraka İnşaat Taahhüt Gida Sanayi Ve Ticaret Branch in Kosovo,811924712,Regjistruar,+38338600031,info@oraka.com.tr
ENDRITI NDERTIM SH.P.K.,811924580,Regjistruar,+38345655180,endrit.azemi17@gmail.com
Z & K CONSTRUCTION L.L.C.,811924332,Regjistruar,+38344508181,info@city-accounting.com
Fatlum Halimi B.I.,811923920,Regjistruar,+38344107787,fatlumhalimi39@gmail.com
Shpejtim Bi. Gashi B.I.,811923673,Regjistruar,+38348120105,timig5141@gmail.com
NPN ÇLIRIMI ING SH.P.K.,811923582,Regjistruar,+38344127270,npnclirimi@gmail.com
BAUINVEST CO L.L.C.,811923491,Regjistruar,+38344100601,zylfiu@gmail.com
D&F Vizion  SH.P.K.,811922980,Regjistruar,+38349485567,dfvizion@gmail.com
Dreni Inginiering  SH.P.K.,811922550,Regjistruar,+38349175977,infodreni@gmail.com
BINAKI BSHB SH.P.K.,811922170,Regjistruar,+38344313373,binakibshb@GMAIL.COM
Vier Construction SH.P.K.,811922005,Regjistruar,+38349610285,visar1303@yahoo.com
DRITONI COMPANY SH.P.K.,811921734,Regjistruar,+38344104551,sinani.groupshpk@gmail.com
JETA ARCH SH.P.K.,811921073,Regjistruar,+38345672722,jeta.prishtine@gmail.com
Mardin Group  L.L.C.,811920835,Regjistruar,+38349444440,mardingroupshpk@gmail.com
REXHEPI PARTNERS SH.P.K.,811920736,Regjistruar,+38348337888,rexhepipartners@gmail.com
VIA CONSTRUCTION SH.P.K.,811919896,Regjistruar,+38343711710,viaconstructionshpk@gmail.com
Premium Apartments SH.P.K.,811919309,Regjistruar,+38345820695,premiumapartments@gmail.com
RIAL CONSTRUCTION 2022 SH.P.K.,811919078,Regjistruar,+38344119347,rial.construction@hotmail.com
Gentrit Alushi B.I.,811918666,Regjistruar,+38345594015,gentritalushi@gmail.com
Lata Muratim SH.P.K.,811918658,Regjistruar,+38344431172,latamuratimshpk@gmail.com
UNITED BLUE BUILDERS SH.P.K.,811918608,Regjistruar,+38344185325,evrenfusha@gmail.com
Lisi Invest SH.P.K.,811918559,Regjistruar,+38344196687,gazmend_maxhuni@hotmail.com
Rinori MS SH.P.K.,811918400,Regjistruar,+38349340750,rinori-ms@hotmail.com
BURIMI AAF SH.P.K.,811918385,Regjistruar,+38345344447,festim2.morina@universitetiaab.com
Neta Global SH.P.K.,811918327,Regjistruar,+38343999995,info@bpower-ks.com
Ardit Mulaku B.I.,811917303,Regjistruar,+38344913916,mulakugroup@outlook.com
AEGEAN İNSAN KAYNAKLARI SAĞLIK İNŞAAT SANAYİ VE TİCARET ANONİM ŞİRKETİ Branch in Kosovo,811917238,Regjistruar,+90532426278,maltinors@hotmail.com
JETMIRI CONSTRUCTION SH.P.K.,811916884,Regjistruar,+38344410817,artan.hamiti@gmail.com
IDEALI COMPANY SH.P.K.,811916701,Regjistruar,+38349337063,labinot.jonuzi@hotmail.com
Wash Time 24  7 SH.P.K.,811916587,Regjistruar,+38345696691,lavdimberisha@hotmail.com
Endo Savunma ve İnşaat Sanayi Anonim Şirketi Branch in Kosovo,811916264,Regjistruar,+38349708131,ferguler@mundusae.com
ERKAM LUXURY BUILDING L.L.C.,811915729,Regjistruar,+38343501001,xhevdetkelmendi33@hotmail.com
BTL CONSTRUCTION SH.P.K.,811915589,Regjistruar,+38349659547,arisaliu1997@gmail.com
HS INTERNATIONAL Dega në Kosovë,811915274,Regjistruar,+38344628109,sami.1350@hotmail.com
4L SH.P.K.,811915034,Regjistruar,+38344111741,4lshpk@gmail.com
Vëllezerit Rama  SH.P.K.,811914317,Regjistruar,+38345642617,xhaferrama1981@gmail.com
Dream Construction Group SH.P.K.,811914234,Regjistruar,+38344388153,dreamconstructiongroup11@gmail.com
ARIANIT HAGE SH.P.K.,811914052,Regjistruar,+38344873229,izetbasholli1@gmail.com
Erin Construction SH.P.K.,811914044,Regjistruar,+38349826557,e.construction.ks@gmail.com
Missini Group L.L.C.,811913963,Regjistruar,+38349888902,lindritmisini@gmail.com
Gita Dizain BJB SH.P.K.,811913418,Regjistruar,+38344853400,fhamzaj77@gmail.com
BARDHI CONSTRUCION SH.P.K.,811913343,Regjistruar,+38349932855,bardhibau@gmail.com
AIBA GROUP L.L.C.,811913260,Regjistruar,+38345200009,lirian.kokovari@gmail.com
EB Projekt SH.P.K.,811912882,Regjistruar,+38348380815,endritbytyqi002@gmail.com
KEREM  SH.P.K.,811912832,Regjistruar,+38345299048,ytakiyaci@gmail.com
ERONI&BIN  SH.P.K.,811912741,Regjistruar,+38344508666,bin.shpk@gmail.com
The One Construction  L.L.C.,811912494,Regjistruar,+38344961533,ali.baddad@gmail.com
MATT CONSTRUCTION SH.P.K.,811912478,Regjistruar,+38348351352,ilirmatoshi@live.com
MIRI & ARKOS SH.P.K.,811912361,Regjistruar,+38349184702,ntnmiri@hotmail.com
FV TEX GROUP SH.P.K.,811912288,Regjistruar,+38348720715,fvtexgroup@gmail.com
EVEST GROUP SH.P.K.,811912098,Regjistruar,+38349459459,compact.shpk@gmail.com
E A JAHAJ NDERTIM SH.P.K.,811911991,Regjistruar,+38344977023,egzonjahaj@gmail.com
GRAND DONA SH.P.K.,811911983,Regjistruar,+38344211210,osman.muzlijaj@live.com
SHATRI INVEST SH.P.K.,811911587,Regjistruar,+38349149354,hamdishatri@gmail.com
KLEDI&KLEA SH.P.K.,811911131,Regjistruar,+38344857222,kledi.shpk@hotmail.com
Golden Residence SH.P.K.,811910513,Regjistruar,+38344818888,autofitimi@hotmail.com
MG COLI R SH.P.K.,811910472,Regjistruar,+38349430383,reshatymeri06@gmail.com
H INXHINJERING  A&H  SH.P.K.,811909102,Regjistruar,+38344992917,Visartehoxha11@gmail.com
YLLI GARTEN SH.P.K.,811908906,Regjistruar,+38345911148,lind.gacaferi@iocloud.com
RAKA  D.O.O.,811908625,Regjistruar,+38165101890,stefanrakic321@gmail.com
NDREKAJ SH.P.K  Dega në Kosovë,811908477,Regjistruar,+38349317808,beki_go@hotmail.com
AM Holding SH.P.K.,811907908,Regjistruar,+38345222953,kushtrimymeri987@gmail.com
DERGUTI CONSTRUCTION SH.P.K.,811907776,Regjistruar,+38344594118,p.derguti@gmail.com
3ANGLES GROUP L.L.C.,811907734,Regjistruar,+38349990400,arjanitj@gmail.com
ON IN SH.P.K.,811907693,Regjistruar,+38349409430,oninshpk@gmail.com
REDONI INVEST  SH.P.K.,811907263,Regjistruar,+38344196688,arsim.maxhuni@redoni.com
AK BUILDING TEAM SH.P.K.,811906877,Regjistruar,+38349241536,akgroupshpk@gmail.com
HIZIROGLU CONSTRUCTION SH.P.K.,811906661,Regjistruar,+38345716716,hizirogluinsaat@hotmail.com
SAMA GROUP SH.P.K.,811906629,Regjistruar,+38344601683,fazli_hoxha@hotmail.com
Amari GFC SH.P.K.,811906603,Regjistruar,+38349471601,gentritcarani@gmail.com
GMA CONSTRUCTION SH.P.K.,811906554,Regjistruar,+38349321598,galidema76@gmail.com
Gashi Ibercuk Gmbh SH.P.K.,811906249,Regjistruar,+38344539352,gashiibercukgmbhshpk@gmail.com
NdertimiN Construction  SH.P.K.,811906108,Regjistruar,+38348571990,besjani5@gmail.com
EURO BAU GROUP SH.P.K.,811905960,Regjistruar,+38345621635,eurobaugroup@gmail.com
HILLSIDE RESORT L.L.C.,811905952,Regjistruar,+38344874035,hillsideresort@gmail.com
Hysen Zogaj B.I.,811905142,Regjistruar,+38344269620,hysen.z2018@hotmail.com
Inffinit Group B & G SH.P.K.,811904962,Regjistruar,+38344587135,gojart.grainca@gmail.com
Mali Art Group SH.P.K.,811904954,Regjistruar,+38344117753,maliartshpk@gmail.com
BOTA  GROUP SH.P.K.,811904102,Regjistruar,+38344122646,botagroup.rks@gmail.com
KAG CONSTRUCTION SH.P.K.,811903708,Regjistruar,+38349933933,kagconstruction6@gmail.com
ddHprojekt SH.P.K.,811903584,Regjistruar,+38349777221,hprojekt@hotmail.com
HK  L.L.C.,811903542,Regjistruar,+38349115033,hkinfo2022@gmail.com
FROS LIVING SH.P.K.,811902932,Regjistruar,+38344109110,fros.living@gmail.com
A Holding Investment  L.L.C.,811902750,Regjistruar,+38349369222,enis.veliqi86@gmail.com
INKOS INVEST SH.P.K.,811902510,Regjistruar,+38348777501,b.sopi@ello-immobllien.ch
MASTERS PLUS  D.O.O.,811902437,Regjistruar,+38116879663,masterspristina@gmail.com
LG Engineering Group SH.P.K.,811902411,Regjistruar,+38349400565,elggroupshpk@gmail.com
GOLD SIDE SH.P.K.,811902057,Regjistruar,+38344102801,sabrizymeri@gmail.com
Avni Ka. Bunjaku B.I.,811386657,Regjistruar,+38344196832,avni1964@icloud.com
HOTI NDERTIM SH.P.K.,811900449,Regjistruar,+38345537662,bossi-doni14@hotmail.com
GENERAL IMMO GROUP SH.P.K.,811900390,Regjistruar,+38344444010,info@genbau.ch
EKREMI CONSTRUCTION SH.P.K.,811899973,Regjistruar,+38345313607,lenditegashi40@gmail.com
GIA GLOBAL SH.P.K.,811899551,Regjistruar,+38349465155,giaglobal@gmail.com
INN MUSTAFA SH.P.K.,811899296,Regjistruar,+38344713896,nasip-mustafa@hotmail.com
Hako Construction SH.P.K.,811898305,Regjistruar,+38349621234,kaani.hoxha@gmail.com
B Brajshori Invest SH.P.K.,811898248,Regjistruar,+38345556661,brajshori.invest11@gmail.com
Adnani Construction SH.P.K.,811897604,Regjistruar,+38344379975,adnaniconstruction@outlook.com
AndiConstruction SH.P.K.,811897331,Regjistruar,+38349642229,info.andiconstruction@gmail.com
Rinor Construction  RM SH.P.K.,811897240,Regjistruar,+38349449524,rmorina342@gmail.com
VEGA GROUP L.L.C.,811896424,Regjistruar,+38348603003,vegagroupllc@hotmail.com
AGIMI CONSTRUCTION SH.P.K.,811896333,Regjistruar,+38349567413,bytyqiconstructionshpk@gmail.com
VALI  COSTRUZIONI SH.P.K.,811895939,Regjistruar,+38348880498,valicostruzionisrl@gmail.com
Durim Islamaj B.I.,811895806,Regjistruar,+38344980224,durimislamaj82@gmail.com
A & SHEZ GROUP SH.P.K.,811895517,Regjistruar,+38344125256,eafinancellc@gmail.com
Pajazit Kelmendi B.I.,811894618,Regjistruar,+38345473967,pajazitkelmandi53@gmail.com
NB Construction Group SH.P.K.,811894519,Regjistruar,+38344400400,info@nb-ks.com
NURQAJ INVEST SH.P.K.,811894460,Regjistruar,+38344223780,nurqajinvest@gmail.com
AREL CONSTRUCTION SH.P.K.,811893983,Regjistruar,+38346100900,arel.construction1@gmail.com
Riza N. Morina B.I.,811893925,Regjistruar,+38345613244,rizamorina095@gmail.com
Kushtrimi Construction SH.P.K.,811893842,Regjistruar,+38344846854,kushtrimiconstructionshpk@gmail.com
Comfort building group  SH.P.K.,811893800,Regjistruar,+38349345475,zanisylhasi@gmail.com
PRIAM INVEST SH.P.K.,811893678,Regjistruar,+38349300666,priamshpk1@gmail.com
Kushtrim D. Bytyçi B.I.,811893313,Regjistruar,+38349737334,kushtrimbytyqi15@gmail.com
XHARRA TOWERS SH.P.K.,811892993,Regjistruar,+38349480735,info@xharratowers.com
Con Ing Group SH.P.K.,811892810,Regjistruar,+38348777191,coning.group@outlook.com
DULLOVI COMPANY SH.P.K.,811892662,Regjistruar,+38344527233,dullovicompany@gmail.com
Ndertimi AG Group SH.P.K.,811892505,Regjistruar,+38343862266,NdertimiAG@gmail.com
Paluca Group SH.P.K.,811892331,Regjistruar,+38349313315,besi28besi@gmail.com
Royal Trade Company SH.P.K.,811891672,Regjistruar,+38349575757,alkryeziu@live.com
Ardii Construction  SH.P.K.,811891416,Regjistruar,+38349608220,ardianjusufi12@hotmail.com
AURA CONSTRUCTION SH.P.K.,811891028,Regjistruar,+38343999990,aura.construction@hotmail.com
Building Group PP SH.P.K.,811889940,Regjistruar,+38343582505,ppgroupshpk@gmail.com
EDI Construction Group SH.P.K.,811889669,Regjistruar,+38345275908,edi-fenster-montage@hotmail.com
Asllani Group SH.P.K.,811889429,Regjistruar,+38349300849,info@balance-ks.com
Lindita I. Krasniqi B.I.,811889312,Regjistruar,+38344116344,n.n@hotmail.com
Agribau Invest SH.P.K.,811889304,Regjistruar,+38344239472,agribauinvest@gmail.com
TROIA KOS GROUP L.L.C.,811889148,Regjistruar,+38345670677,troia.kosova@gmail.com
FR VALONI SH.P.K.,811888356,Regjistruar,+38344123928,valoni.fr@outlook.com
Aziz Shabani B.I.,811888091,Regjistruar,+38349446698,azizshabani@hotmail.com
Kastrati RKR SH.P.K.,811886920,Regjistruar,+38349801080,kkastratir@gmail.com
LIRIMI 1 RESIDENCE SH.P.K.,811886524,Regjistruar,+38349230554,Alikrasniqi848@gmail.com
3DK BUILDING SH.P.K.,811886441,Regjistruar,+38345256041,predragmartity@gmail.com
Sari  Nesi  Dvorani SH.P.K.,811885881,Regjistruar,+38349443914,drilondvorani@gmail.com
BF ING SH.P.K.,811885625,Regjistruar,+38345322990,fatmiri123@hotmail.com
DIAR INVEST SH.P.K.,811885302,Regjistruar,+38344858111,metgllareva@gmail.com
EURO BILL SH.P.K.,811884908,Regjistruar,+38349848162,eurobill@gmail.com
Gentrit Carani B.I.,811883918,Shuar,+38349471601,gentritcarani@gmail.com
FLORI CONSTRUCTION SH.P.K.,811883695,Regjistruar,+38344102801,nnp-flori@hotmail.com
BUJA COM SH.P.K.,811883257,Regjistruar,+38345542619,bujacomshpk@outlook.com
Isak Zeka SH.P.K.,811883124,Regjistruar,+38344244818,izetbasholli@gmail.com
Immobilien Rrustemaj SH.P.K.,811882457,Regjistruar,+38344608500,Immobilienrrustemaj@gmail.com
NEWCO ARTTONI SH.P.K.,811882100,Regjistruar,+38344274034,adil.rexhepi89@gmail.com
ROYAL CITY L.L.C.,811881938,Regjistruar,+38349444300,royalbaull@gmail.com
HANSI IBB SH.P.K.,811881293,Regjistruar,+38345228073,besartopalli1995@hotmail.com
BEHARI ING SH.P.K.,811881285,Regjistruar,+38344295002,besartopalli5@gmail.com
ODI R  SH.P.K.,811880310,Regjistruar,+38344670612,adem.r@gmail.com
Nil Holding  L.L.C.,811880188,Regjistruar,+38349638999,visarfekaj1978@gmail.com
DECOR DIZAIN SH.P.K.,811879959,Regjistruar,+38343599699,d.llugaliu@hotmail.com
NSB TEAM SH.P.K.,811879107,Regjistruar,+38345602396,nsbteam.shpk@gmail.com
Presidenca Group  SH.P.K.,811878886,Regjistruar,+38349860002,fidantahiri1@yahoo.com
Washington Residence neighbourhood SH.P.K.,811878109,Regjistruar,+38349294814,washingtonresidence36@gmail.com
Lulzim Cakiqi B.I.,811877804,Regjistruar,+38343757477,fasaderluli@gmail.com
ESD Construction SH.P.K.,811877771,Regjistruar,+38348107766,esd.constructione@gmail.com
BAKI CONSTRUCTION SH.P.K.,811877557,Regjistruar,+38344601133,ekrasniqi084@gmail.com
Arbim Blakçori B.I.,811877325,Regjistruar,+38345564617,arbimblakqori@gmail.com
B.V.G. ING  SH.P.K.,811877101,Regjistruar,+38349285485,bvgconstructionshpk@gmail.com
Dritoni Construction SH.P.K.,811877086,Regjistruar,+38349474969,gdriton903@gmail.com
PREMIUM INVEST SH.P.K.,811876963,Regjistruar,+38344437086,premiuminv7@gmail.com
NaxhijeFix SH.P.K.,811876799,Regjistruar,+38348272273,Albert.NAXH@hotmail.com
Bimi Ing SH.P.K.,811875915,Regjistruar,+38344170915,brahimjmorina@gmail.com
LIKA HOLDING SH.P.K.,811875874,Regjistruar,+38349232270,fl@likagroup.ch
VELLEZRIT RRUSTA L.L.C.,811875808,Regjistruar,+38349134755,vellezritrrustallc@gmail.com
ZYMBERI Group SH.P.K.,811875684,Regjistruar,+38345516600,arbnor_z@hotmail.com
BEL GROUP SH.P.K.,811875460,Regjistruar,+41794444944,fl@likagroup.ch
CONAXA PROJECT SH.P.K.,811875353,Regjistruar,+38349555550,conaxashpk@gmail.com
MILA RESIDENCE SH.P.K.,811874933,Regjistruar,+38344112422,milaresidence21@gmail.com
Erindi SHH SH.P.K.,811874925,Regjistruar,+38345840156,erindi.shpk@hotmail.com
Class i SH.P.K.,811874537,Regjistruar,+38344504483,classi.rks@gmail.com
VIZION PLUS SH.P.K.,811874165,Regjistruar,+38344245888,vizionplus@gmail.com
LEMKOS SH.P.K.,811873729,Regjistruar,+38345493916,lemkosss@gmail.com
NARTEL & NARTEL EXIN  SH.P.K.,811873456,Regjistruar,+38338220795,nartel1@gmail.com
Plus Holding SH.P.K.,811872953,Regjistruar,+38349822202,Blerimkrasniqi1@web.de
BAO SCHOOLS SH.P.K.,811872903,Regjistruar,+38348737737,lorikretkoceri9@gmail.com
SAN GROUP SH.P.K.,811872888,Regjistruar,+38344279026,samibunjaku@gmail.com
STANDART Madencilik Peyzaj İnşaat Emlak Sanayi ticaret anonim sirketi Dega në Kosovë,811872739,Regjistruar,+38349115911,info@boldconsulting.info
SWE Build SH.P.K.,811872614,Regjistruar,+38344756495,ilir_323@hotmail.com
Teuta Vishaj Gashi B.I.,811872127,Regjistruar,+38344178773,nilicontruction@gmail.com
BYTYQI Construction Dekor SH.P.K.,811871632,Regjistruar,+38344478144,bytyqiconstructiondekor@gmail.com
GLOBAL ING SH.P.K.,811870931,Regjistruar,+38349629113,globalish.p.k@gmail.com
KOSOVA TOWERS SH.P.K.,811870428,Regjistruar,+38349410237,yusu55@gmail.com
Nova Construction  SH.P.K.,811870395,Regjistruar,+38343555101,novaconstructionshpk@gmail.com
GENTI COMPANY SH.P.K.,811869455,Regjistruar,+38344720283,gentibaushpk@gmail.com
Rudari SH.P.K.,811869421,Regjistruar,+38344777833,arbenrudari9@gmail.com
BPG Holding SH.P.K.,811868423,Regjistruar,+38349361341,balibaliu@msn.com
Kompania Vëllezërit Ferizi SH.P.K.,811867996,Regjistruar,+38349153500,izetbasholli@gmail.com
BESIONI SH.P.K.,811867532,Regjistruar,+38349302098,besionmazreku1@gmail.com
QALI GROUP SH.P.K.,811867243,Regjistruar,+38348687346,qali.shpk@gmail.com
F&A BACI SH.P.K.,811867194,Regjistruar,+38349582092,astriti07@outlook.com
S4B  L.L.C.,811866724,Regjistruar,+38345777704,muhamed.krasniqi@hotmail.com
ARDI INVEST   SH.P.K.,811866659,Regjistruar,+38349529444,arditi_krasniqi10@hotmail.com
ELSA MMN SH.P.K.,811866336,Regjistruar,+38344607453,k_gola@hotmail.com
Arlinda Dvorani B.I.,811865700,Regjistruar,+38344181562,arlindadvorani5@gmail.com
ALTEK CONSTRUCTION L.L.C.,811865370,Regjistruar,+38348666772,altek.partners.co@gmail.com
VALTER GROUP SH.P.K.,811864918,Regjistruar,+38349418035,valtergroup49@gmail.com
L&L HOLDING SH.P.K.,811862748,Regjistruar,+38349599523,leeottrim@gmail.com
NAR INVEST SH.P.K.,811861922,Regjistruar,+38345549963,danikozhani17@gmail.com
HOTI COMPANY SH.P.K.,811861352,Regjistruar,+38349135075,arlindahamza8@gmail.com
AG ARBAU 90 SH.P.K.,811861279,Regjistruar,+38344172321,agim.ramadani1957@gmail.com
EMAAR SH.P.K.,811860685,Regjistruar,+38349443181,bessi.10@hotmail.com
4 season co L.L.C.,811860205,Regjistruar,+38349552585,4season@gmail.com
RONI T GROUP SH.P.K.,811860031,Regjistruar,+38344346318,armendtahiraj81@gmail.com
Blerim Zymeraj B.I.,811858870,Regjistruar,+38344255379,blerimzymeraj8@gmail.com
BULL CONSTRUCTION SH.P.K.,811858789,Regjistruar,+38344303161,bullconstruction.sh.p.k@gmail.com
AKTIV RESIDENCE SH.P.K.,811858193,Regjistruar,+38345905555,residence.aktiv@gmail.com
NETO INVEST SH.P.K.,811857830,Regjistruar,+38343977813,arian-hashani.05@outlook.com
KAAN INVEST SH.P.K.,811857632,Regjistruar,+38343576572,kaaninvest91@gmail.com
SWISS REAL ESTATE GROUP SH.P.K.,811857492,Regjistruar,+38344166580,elvir@pacarada.de
ImmoProjekt SH.P.K.,811857484,Regjistruar,+38344213881,imobiliengjermanokosvare@gmail.com
3TB Construction SH.P.K.,811857327,Regjistruar,+38348110569,3tbconstruction@gmail.com
PIRAMIDA GROUP  SH.P.K.,811857012,Regjistruar,+38343820820,raimondjahjaga@gmail.com
Elmazi & BB SH.P.K.,811856329,Regjistruar,+38344144940,bardhylbajrami11@gmail.com
NUHA CONSTRUCTION L.L.C.,811855561,Regjistruar,+38344323944,kontabiliteti1@hotmail.com
AS POWER SH.P.K.,811855462,Regjistruar,+38348775007,altjonshehaj@yahoo.com
Labinot M. Jashari B.I.,811854381,Regjistruar,+38349488883,Lorisjashari2016@gmail.com
Erini Group SH.P.K.,811854240,Regjistruar,+38349264111,arnoldrexhepi12@gmail.com
ODA & FONDA  SH.P.K.,811854133,Regjistruar,+38349106962,oda.fonda@gmail.com
Faton B. Berisha B.I.,811853630,Regjistruar,+38344120438,fatonberisha@hotmail.com
MONTANA  International SH.P.K.,811853466,Regjistruar,+38349238227,montanainternatiional@gmail.com
DE & DD SH.P.K.,811853416,Regjistruar,+38344345958,deddgroup@gmail.com
RGL CONSTRUCTION SH.P.K.,811853408,Regjistruar,+38344256506,ilirraci@gmail.com
SMART VISION SH.P.K.,811853010,Regjistruar,+38348334433,murat.dushullovci@gmail.com
S A Kompani Ndërtimi SH.P.K.,811852913,Regjistruar,+38345384462,sabauunternehmung@outlook.com
Hysni F. Morina B.I.,811852319,Regjistruar,+38344181529,hysni2021@hotmail.com
LENTI LBC CONSTRUCTION SH.P.K.,811852286,Regjistruar,+38349873845,lenti_lk@hotmail.com
EUROING SHPK Dega në Kosovë,811852004,Regjistruar,+38349155598,mefail.gashi@euroing-ks.com
Orca Development L.L.C.,811851965,Regjistruar,+38349338444,nikolleshaj@outlook.com
AGI KONS SHPK Dega në Kosovë,811851931,Regjistruar,+38344814159,dubovafaredin@gmail.com
TAO Building SH.P.K.,811851270,Regjistruar,+38349674862,info.taobuilding@gmail.com
Noa Trade & Construction SH.P.K.,811851064,Regjistruar,+38345250240,argjirabilalli@outlook.com
BGENERGY&CONSTRUCTION SH.P.K.,811851056,Regjistruar,+38344640105,bgenergyconstruction@gmail.com
HELFER INVEST SH.P.K.,811850826,Regjistruar,+38349636312,timmi.investshpk@gmail.com
H&K Costruzioni SH.P.K.,811850719,Regjistruar,+38344157738,hkcostruzionishpk@gmail.com
DATI CONSTRUCTION  SH.P.K.,811850511,Regjistruar,+38344642888,dati_commerc@hotmail.com
WS Real Estate & Construction  SH.P.K.,811849556,Regjistruar,+38345890911,arber.krasniqi444@gmail.com
EXTERNAL SH.P.K.,811849225,Regjistruar,+38344771832,hberisha667@gmail.com
AHW INVEST L.L.C.,811848532,Regjistruar,+38349900850,invest.ahw@gmail.com
QAZA KRAS SH.P.K.,811848136,Regjistruar,+38344698048,qaza1987@hotmail.com
VLLEZËRIT TAHIRI SH.P.K.,811848110,Regjistruar,+38344321349,fatmirredenica@hotmail.com
ALBAR SH.P.K.,811847500,Regjistruar,+38345261591,ashabani@hotmail.com
TOWER CONSTRUCTION  SH.P.K.,811847451,Regjistruar,+38349351002,lavdimzebeli202@gmail.com
STANDARD CONSTRUCTION SH.P.K.,811847170,Regjistruar,+38349581100,standard@hotmail.com
NPN DRENARI SH.P.K.,811592626,Regjistruar,+38349569445,halit_krasniqi@hitmail.com
ALFA BUILDING SH.P.K.,811592551,Regjistruar,+38349890222,albinfazliu@gmail.com
CURRI  SH.P.K.,811592486,Regjistruar,+38344227141,malsia_83@hotmail.com
ODA INVEST SH.P.K.,811592361,Regjistruar,+38349106962,odainvest.shpk@gmail.com
OTTMAK L.L.C.,811592270,Regjistruar,+38344116365,mak.shpk.ks@gmail.com
Oxa Capital SH.P.K.,811591321,Regjistruar,+38344166152,hoxhaferdita@gmail.com
TERMOLUX  SH.P.K.,811590951,Regjistruar,+38349315493,termolux.shpk@gmail.com
HB CONSTRUCTION SH.P.K.,811590737,Regjistruar,+38349635487,hb-construction2021@outlook.com
EMS Construction SH.P.K.,811590604,Regjistruar,+38345101600,remomulliqi@gmail.com
Baci Canë SH.P.K.,811590464,Regjistruar,+38344890311,hmazreku43@gmail.com
Ensari BUK Group SH.P.K.,811590109,Regjistruar,+38345327642,izetbasholli@gmail.com
MAX GROUP CONSTRUCTION L.L.C.,811589558,Regjistruar,+38345636007,devoll.kerleshi@gmail.com
D&A3 SH.P.K.,811589475,Regjistruar,+38348799229,n.aejeti@gmx.de
Dushkaja Company SH.P.K.,811589300,Regjistruar,+38346117776,dushkaja.2021@outlook.com
UHB IMMOBILIEN SH.P.K.,811589227,Regjistruar,+38343753777,KosovoLivestock@gmail.com
Arvaniti Construction SH.P.K.,811589037,Regjistruar,+38348747576,artanmjekiqi@gmail.com
Albanica Construction SH.P.K.,811588849,Regjistruar,+38344442412,selamigerbesh@gmail.com
Hamdi Gashani B.I.,811588724,Regjistruar,+38349588275,hamdigashani@hotmail.com
Çeki Construction Residence SH.P.K.,811587354,Regjistruar,+38344265031,cekiconstruction@gmail.com
ARIFAJ  Dega në Kosovë,811587164,Regjistruar,+38344500772,nebih_z@hotmail.com
VUNIQI GROUP SH.P.K.,811586827,Regjistruar,+38343916108,bvuniqi21@gmail.com
KEY GROUP SH.P.K.,811586710,Regjistruar,+38349990222,albinbfazliu@gmail.com
BERISHA AB SH.P.K.,811586471,Regjistruar,+38349838229,lindi_peja1@hotmail.de
10 Construction L.L.C.,811585829,Regjistruar,+38349444997,info@10constraction.net
GA GROUP SH.P.K.,811585689,Regjistruar,+38349336252,gagroup21@gmail.com
Lulzim N. Kryeziu B.I.,811585506,Regjistruar,+38344803467,lulzim.kryeziu@hotmail.com
Shkelqimi Invest  SH.P.K.,811585481,Regjistruar,+38349216633,fatonfetahaj@hotmail.com
BVG Housing SH.P.K.,811585134,Regjistruar,+38349647721,lulzim.behxheti@gmail.com
Q F GROUP SH.P.K.,811585019,Regjistruar,+38344739789,qëndrim@hotmail.com
INVESTMENT PLUS SH.P.K.,811584764,Regjistruar,+38344115880,investment3plus@gmail.com
Agim H. Hoxhaj B.I.,811584540,Regjistruar,+38344721194,agimhoxha101@hotmail.com
Kupolla  SH.P.K.,811583881,Regjistruar,+38344159680,imerhajdini@hotmail.com
Inzinjerig Lesak  D.O.O.,811583443,Regjistruar,+38347139817,dooinglesak@hotmail.com
Muhamet Ajrullahu B.I.,811582726,Regjistruar,+38345696525,arkatanagjilan@gjilan.com
Pajtimi Trimi SH.P.K.,811582619,Regjistruar,+38344387138,pajtimzogaj258@gmail.com
FEHI CAPITAL SH.P.K.,811581447,Regjistruar,+38349443030,drilon_begolli@hotmail.com
NewVision Arbl SH.P.K.,811580994,Regjistruar,+38349194961,urban.konto@gmail.com
ADEA CONSTRUCTION SH.P.K.,811580986,Regjistruar,+38349314080,ekremelshani84@gmail.com
Albert Haxha B.I.,811580613,Regjistruar,+38349693738,alberthaxha982@gmail.com
FM home SH.P.K.,811580374,Regjistruar,+38349888902,lindritmisini@gmail.com
V ZEKAJ GRUP SH.P.K.,811579971,Regjistruar,+38349838229,lindi_peja1@hotmail.de
Vllëzërit Juniku SH.P.K.,811579187,Regjistruar,+38349134157,bekimjuniku@hotmail.com
ISB Invest Group SH.P.K.,811579020,Regjistruar,+38349377527,finance.asb1@gmail.com
New Way Of Building L.L.C.,811578882,Regjistruar,+38345553555,xeni-12.34@hotmail.com
Xhevahir & Start Group SH.P.K.,811578824,Regjistruar,+38349110999,prkosove@hotmail.com
REGB SH.P.K.,811578626,Regjistruar,+38344398644,regbshpk@gmail.com
Pi Engineering L.L.C.,811578569,Regjistruar,+38349752999,Piengineering0@gmail.com
BIH Invest  SH.P.K.,811578478,Regjistruar,+38343990700,bhinvestshpk@gmail.com
EDI PROJEKT SH.P.K.,811578436,Regjistruar,+38338349896,edmondnimoni1@gmail.com
FBM L.L.C.,811577462,Regjistruar,+38346929929,fbmllc2021@gmail.com
GÖNÜÇ INŞAAT ANONIM ŞIRKETI   Dega në Kosovë,811577404,Regjistruar,+38345675114,ersinkilinc@gonucınsaat.com
WRELLA SH.P.K.,811577397,Regjistruar,+38345439049,wrellashpk@hotmail.com
SEGATEX SH.P.K.,811576761,Regjistruar,+38346605555,info.gasbau@gmail.com
TRP Group  SH.P.K.,811576290,Regjistruar,+38344160598,alk.group21@gmail.com
DALMAT SH.P.K.,811576084,Regjistruar,+38349118781,ntn-dalmat@hotmail.com
ARMENDI R SH.P.K.,811574674,Regjistruar,+38349323719,armendshpk@gmail.com
JONI INVEST SH.P.K.,811574202,Regjistruar,+38344940000,gramoz.z@hotmail.co.uk
ZERO7  GROUP  SH.P.K.,811573759,Regjistruar,+38349828093,qendroni15@gmail.com
ODA Construction F H SH.P.K.,811573717,Regjistruar,+38345500700,frasherharadinaj84@gmail.com
Fadil Jaholli B.I.,811573006,Regjistruar,+38344170260,jahollifadil@gmail.com
SAVE Construction SH.P.K.,811572470,Regjistruar,+38345557555,vsadulla@gmail.com
A&O Construction SH.P.K.,811572230,Regjistruar,+38346300500,ylberf@gmail.com
FV REZIDENC GROUP SH.P.K.,811571753,Regjistruar,+38348200635,vilsongrabanica50@gmail.com
L ING COMPANY SH.P.K.,811571703,Regjistruar,+38345250240,argjirabilalli@outlook.com
M TRUCK SH.P.K.,811571539,Regjistruar,+38344231496,muhamet.thaci@hotmail.com
MR CONSTRUCTION SH.P.K.,811571381,Regjistruar,+38343954789,valon.rexhaj@universitetiaab.com
ArraKosove L.L.C.,811571018,Regjistruar,+38344210456,sharkurtishi@gmail.com
NELI CONSTRUCTION GROUP SH.P.K.,811570979,Regjistruar,+38344335362,kontabilitet.etika@hotmail.com
Swiss Home Village L.L.C.,811570721,Regjistruar,+38349500080,swiss.homeLLC@gmail.com
E&E RAMA SH.P.K.,811570226,Regjistruar,+38349796671,eerama@gmail.com
LABI GES SH.P.K.,811570127,Regjistruar,+38344864441,labiges20201@gmail.com
Graniti Construct SH.P.K.,811570052,Regjistruar,+38345294294,fatmirkelmendi@hotmail.com
Roneli SH.P.K.,811569922,Regjistruar,+38344413847,rexhiesejdiu@gmail.com
SWISSPROPERTY SH.P.K.,811568916,Regjistruar,+38348777913,q_jaha@hotmail.com
STEEL SKELE TE HAJRA SH.P.K.,811568411,Regjistruar,+38343811736,steelskeletehajra@gmail.com
Home Construcion SH.P.K.,811568221,Regjistruar,+38344970348,olta04@gmail.com
Gani B. Hyseni B.I.,811568130,Regjistruar,+38348537431,ganiuconstruction@gmail.com
Trimi Company SH.P.K.,811568122,Regjistruar,+38344736330,trimicompany2021@gmail.com
ROYAL  MAX GROUP  SH.P.K.,811568106,Regjistruar,+38344852870,royalmaxgroup.shpk@gmail.com
Ndertimi Premium SH.P.K.,811567744,Regjistruar,+38349622010,ndertimipremium@gmail.com
IBRAHIMAJ CONSTRUCTION SH.P.K.,811567405,Regjistruar,+38344713026,ibrahimajcon@gmail.com
Euro Kent Constructions SH.P.K.,811567075,Regjistruar,+38349595957,rafetaltun@gmail.com
Ardian Sadikaj B.I.,811567017,Regjistruar,+38349416726,ardi.buja49@icloud.com
Beka & Sh H  SH.P.K.,811566978,Regjistruar,+38338535057,beka.sh.h1@gmail.com
Miodrag Perić I.B.,811566837,Regjistruar,+38341189416,miodragperic@gmail.com
X & G SH.P.K.,811566738,Shuar,+38345553555,x-g.shpk@hotmail.com
Bashkim S. Hyseni B.I.,811566457,Regjistruar,+38349276574,bhyseni010@gmail.com
BZR PRO SH.P.K.,811566051,Regjistruar,+38349177074,rexhepibasri3@gmail.com
R&M GRUP SH.P.K.,811565938,Regjistruar,+38349251611,rm.shpk2021@gmail.com
M & CONSTRUCTION SH.P.K.,811565912,Regjistruar,+38344234516,agashi.bilanc@gmail.com
Kosova project DMV SH.P.K.,811565897,Regjistruar,+38344808858,kosovaproject.dmv@gmail.com
BASHKIMI CONSTRUCTION SH.P.K.,811565756,Regjistruar,+38345204935,bashkimiconstruction@hotmail.com
G&D COMPANY SH.P.K.,811565722,Shuar,+38347147076,milena.mitrovica@icloud.com
Ndërrmarrja Ndërtimore TONI Komogllavë SH.P.K.,811565475,Regjistruar,+38344667701,n.n.toni@hotmail.com
FUNDAMENTI SH.P.K.,811565277,Regjistruar,+38344133181,fundamenti@hotmail.com
AFS GROUP  L.L.C.,811564980,Regjistruar,+38344444977,groupafsllc@gmail.com
PRINC CONSTRUCTION SH.P.K.,811564683,Regjistruar,+38344195050,alprincshpk@outlook.com
Bau Melenica GmbH SH.P.K.,811564493,Regjistruar,+38348107701,melenica.gmbh@yahoo.de
Invest Group E & B SH.P.K.,811564451,Regjistruar,+38343703802,ebinvestgroup@gmail.com
Martius Con L.L.C.,811564419,Regjistruar,+38349506050,genc.gashi@martius-ks.com
ALFA & ILEAA GROUP SH.P.K.,811564005,Regjistruar,+38344120867,ileaa@gmail.com
AL KOS INWEST SH.P.K.,811563891,Regjistruar,+38349326900,alkosinwest@gmail.com
VIVO  SH.P.K.,811563809,Regjistruar,+38345607807,bardh.rragomi@gmail.com
B2 ARCHITECTURE  SH.P.K.,811563718,Regjistruar,+38348278006,lindadautaj87@gmail.com
BEHLULI K SH.P.K.,811563453,Regjistruar,+38349279993,bedridinbehluli@gmail.com
L&A CONSTRUCTION SH.P.K.,811563247,Regjistruar,+38349549340,besi.zenelaj75@gmail.com
LR GROUP SH.P.K.,811563049,Regjistruar,+38344818068,lrgroup.shpk@gmail.com
Etela Apuri   Oy Dega në Kosovë,811562984,Regjistruar,+38349184918,bashkimpeci@hotmail.com
VALONI & TITAN SH.P.K.,811562372,Regjistruar,+38344235615,liridon.neziri@nigaprofil.com
Lenita Invest L.L.C.,811562223,Regjistruar,+38349761175,lenitainvest@gmail.com
E Bau KS L.L.C.,811561853,Regjistruar,+38349444406,mergimv@hotmail.com
MEDI PREMIUM  SH.P.K.,811561712,Regjistruar,+38349611110,albert_halilaj@hotmail.com
Art Ndërtimi SH.P.K.,811561481,Regjistruar,+38344300680,artshpk@gmail.com
EM Invest Group  SH.P.K.,811561332,Regjistruar,+38349833699,edon.muharremaj@gmail.com
LEDIONI GROUP SH.P.K.,811561308,Regjistruar,+38349172995,ledibytyqi5@gmail.com
Universum Invest  SH.P.K.,811561001,Regjistruar,+38344500877,sedat.b@universum-ks.org
ALKOS BAU L.L.C.,811560681,Regjistruar,+38346234567,alkosinfoks@gmail.com
PREMIUM VIP SH.P.K.,811560665,Regjistruar,+38344176873,blerimsermaxhaj_123@gmail.com
FATLINDI CONSTRUCTION SH.P.K.,811559931,Regjistruar,+38345847208,fatlindi.constacton@gmail.com
BAU ENGINEERING RAMA L.L.C.,811559791,Regjistruar,+38344120508,npnguximi@hotmail.com
B B M   INVEST  SH.P.K.,811559600,Regjistruar,+38344449266,morina_agron@hotmail.com
Albi Moni Invest  SH.P.K.,811559329,Regjistruar,+38344170421,albi-moniinvest@outlook.com
Haki Ha. Selmani B.I.,811558884,Regjistruar,+38345452463,h.selmani@outlook.com
XANI & PARTNERS SH.P.K.,811558735,Regjistruar,+38344214111,burimrrustemi@hotmail.com
ER RAMA GROUP SH.P.K.,811557985,Regjistruar,+38344831642,globaudit@hotmail.com
Guri i Tërpezës SH.P.K.,811557951,Regjistruar,+38349955041,salimehmeti3@gmail.com
INVEST BRAND SH.P.K.,811557456,Regjistruar,+38344654132,investbrand2@gmail.com
ALBESI GROUP SH.P.K.,811557406,Regjistruar,+38348827678,albesgroup@gmail.com
VAST L.L.C.,811557240,Regjistruar,+38344277774,enis@modium.studio
ENDRITI EEA SH.P.K.,811557216,Regjistruar,+38344324582,afrimsejdiu13@gmail.com
GRAND  BTP  HOLDING SH.P.K.,811557092,Regjistruar,+38344776666,info@grandigrooup.com
ÇUKOLLI AS SH.P.K.,811556987,Regjistruar,+38344111919,avileks@hotmail.com
Ami'S Company SH.P.K.,811556820,Regjistruar,+38344310838,ardian.msyla@gmail.com
OM SH.P.K.,811556606,Regjistruar,+38349137982,omshpk@gmail.com
Lusi Horse World L.L.C.,811556482,Regjistruar,+38304940597,financat2018@gmail.com
KUOTA SH.P.K.,811556432,Regjistruar,+38343880708,kuota.shpk@gmail.com
KOPAONIK JUG D.O.O.,811556200,Regjistruar,+38148844653,kop.jug21@yahoo.com
DRESHAJ CONSTRUCTION SH.P.K.,811555989,Regjistruar,+38344283200,dreshaj81@live.com
Selajdin Krasniqi B.I.,811555971,Regjistruar,+38344415947,selajdink3@gmail.com
Kastrati AM SH.P.K.,811555781,Regjistruar,+38344277186,kastrati@hotmail.com
Fidan Haxhijaj B.I.,811555385,Regjistruar,+38344296036,fidanhaxhijaj56@gmail.com
H & I Vëllezërit Tahiri SH.P.K.,811555195,Regjistruar,+38344339509,fiz.tahiri@gmail.com
Mega Building Construction SH.P.K.,811554999,Regjistruar,+38349300303,visar.govori@gmail.com
TRIO GROUP SH.P.K.,811554965,Regjistruar,+38349242540,triogroup@gmail.com
Labinot F. Ademi B.I.,811554361,Regjistruar,+38349524727,labi_juve17@hotmail.com
MUJA CONSTRUCTION SH.P.K.,811554098,Regjistruar,+38343500177,jetullahmuja15@gmail.com
ERTA INVEST  SH.P.K.,811553959,Regjistruar,+38345455155,mustafa.grainca@gmail.com
Artech Group SH.P.K.,811553793,Regjistruar,+38345666364,bedrikrasniqi88@gmail.com
Bashkim M. Hoti B.I.,811553488,Regjistruar,+38349330312,bashimhoti95@gmail.com
DAAKONN SH.P.K.,811553222,Regjistruar,+38344840044,nazmi.viqa@daakonn.com
Nori & Driloni Group  SH.P.K.,811553082,Regjistruar,+38344299403,noridrilonigroup@gmail.com
EURO RAKETA SH.P.K.,811552323,Regjistruar,+38344737590,euro.raketa@gmail.com
FairyTale Residence L.L.C.,811552232,Regjistruar,+38349501603,k.cocaj@gmail.com
Gazmend Konjuhaj B.I.,811551804,Regjistruar,+38345633102,gkonjuaj@hotmail.com
3 VËLLEZËRIT B N R SH.P.K.,811551672,Regjistruar,+38345658853,egzon.mehani@outlook.com
GBM KODRA  SH.P.K.,811550525,Regjistruar,+38349162487,gezimbytyqi448@gmail.com
Sabedin Beshiri B.I.,811550335,Regjistruar,+38344897618,sabedinbeshiri077@gmail.com
LA FA COMPANY SH.P.K.,811550244,Regjistruar,+38344782588,fatmirredenica@hotmail.com
ECO BUILT SH.P.K.,811549734,Regjistruar,+38349990990,astritzogjani991@gmail.com
Comfy Living  SH.P.K.,811549718,Regjistruar,+38349558555,ah@askosova.org
MADE GROUP CONSTRUCTION SH.P.K.,811549536,Regjistruar,+38344156604,madegroup.ks@gmail.com
ADIONI GROUP SH.P.K.,811549411,Regjistruar,+38345627577,fitimselmanaj2@gmail.com
TWO FRIENDS L.L.C.,811549198,Regjistruar,+38344448358,wowaprishtina@gmail.com
EURO KERAMIKA DESIGN SH.P.K.,811548926,Regjistruar,+38344383818,medd.1@hotmail.com
NEW TOWN SH.P.K.,811548877,Regjistruar,+38345629050,arsimrexhepi14@gmail.com
AG Construction 06 SH.P.K.,811548702,Regjistruar,+38344990361,ag.construction06@hotmail.com
LEVEL CONSTRUCTION SH.P.K.,811548588,Regjistruar,+38349485848,teuta.ajeti@gmail.com
GAZI GROUP SH.P.K.,811518028,Regjistruar,+38344479044,gazigroup.shpk@gmail.com
Ipon Residence SH.P.K.,811517880,Regjistruar,+38344720999,iponresidence@gmail.com
BLK Union SH.P.K.,811517781,Regjistruar,+38344120311,lulkabashi@gmail.com
LABI ALLEGRO SH.P.K.,811517749,Regjistruar,+38348200038,rexhal704@gmail.com
Arifi Vëllezërit Bau SH.P.K.,811517723,Regjistruar,+38344388223,shkodran.arifi@hotmail.com
MARS ING SH.P.K.,811515032,Regjistruar,+38344998100,artan.ahma@hotmail.com
SLD ING SH.P.K.,811513995,Regjistruar,+38344734272,sldingshpk@gmail.com
EBT SH.P.K.,811513052,Regjistruar,+38349777244,taulantbujupitsc@gmail.com
ENOS L.L.C.,811513010,Regjistruar,+38348877777,info@sigma-ks.com
HB DESIGN AND CONSTRUCTION SH.P.K.,811512509,Regjistruar,+38344230700,betimhajrizii@gmail.com
PRISHTINA GROUP SH.P.K.,811512228,Regjistruar,+38345520123,bekimazemi72@gmail.com
Murator Zogaj SH.P.K.,811512202,Regjistruar,+38344981248,shqipronzogaj01@gmail.com
R SYSTEMS CONSTRUCTION SH.P.K.,811512161,Regjistruar,+38349262869,rsystems@gmail.com
Bekim R. Shabani B.I.,811511254,Regjistruar,+38344163736,bekimshabani@hotmail.com
G S    XHEMA   POJATË SH.P.K.,811511204,Regjistruar,+38346103540,ferizaj2020l@gmail.com
BEHARI BBE SH.P.K.,811510735,Regjistruar,+38344405215,fidanhamdiu@gmail.com
ANB Invest SH.P.K.,811509655,Regjistruar,+38349666096,anb.invest@gmail.com
MILI BAU SH.P.K.,811509639,Regjistruar,+38344479483,milibau05@hotmail.com
Fatlum H. Krasniqi B.I.,811509374,Regjistruar,+38349570415,krasniqifatlum13@gmail.com
TE TAHA SH.P.K.,811509358,Regjistruar,+38344171808,tetahashpk@gmail.com
Ajriz Durmiši B.I.,811509316,Regjistruar,+38344344948,ajriz.1970@gmail.com
EL RI Trans SH.P.K.,811509225,Regjistruar,+38344139962,gentiarpirkuqi@hotmail.com
Valdrin S. Bajraktari B.I.,811508996,Regjistruar,+38344702861,ValiB@hotmail.com
Kolgeci Ing SH.P.K.,811508649,Regjistruar,+38348599588,kolgeci.ing@gmail.com
RACI CONSTRUCTION SH.P.K.,811508540,Regjistruar,+38349703118,racifjoralba@gmail.com
AKSIAL  SH.P.K.,811508376,Regjistruar,+38344369573,aksialshpk@gmail.com
SCAFFOLDING GROUP SH.P.K.,811508269,Regjistruar,+38349190888,gagroupshpk@gmail.com
CENI BAU SH.P.K.,811508037,Regjistruar,+38345393000,asabedini@hotmail.com
Fitim Rr. Hasani B.I.,811507930,Regjistruar,+38344837070,xheti_1X@hotmail.com
PARDI IT SH.P.K.,811507485,Regjistruar,+38348622007,sheremet-itaj@outlook.com
GMBH ILI SH.P.K.,811507287,Regjistruar,+38343832234,iliri.gmbh.fetahu@gmail.com
EU RESIDENCE SH.P.K.,811507211,Regjistruar,+38349961418,euresidencee@gmail.com
Z & A COMPANY  L.L.C.,811506792,Regjistruar,+38349373640,z&acompany@hotmail.com
NEXO DESIGN SH.P.K.,811506560,Regjistruar,+38349166098,flamur.kastrati@live.com
ARB CONSTRUCTION SH.P.K.,811506304,Regjistruar,+38344383818,medd.1@hotmail.com
ERONI NDERTIM  SH.P.K.,811505679,Regjistruar,+38344232928,eroni@gmail.com
MUJA GMBH SH.P.K.,811505554,Regjistruar,+38343903351,mujagmbhshpk@gmail.com
Shemsedin Elezi B.I.,811505455,Regjistruar,+38345401600,elezishemsedin@gmail.com
B KRASNIQI SH.P.K.,811505207,Regjistruar,+38345373371,b.krasniqi186@otouloc.com
FORTUNA Engineering SH.P.K.,811505116,Regjistruar,+38349865225,info@fortuna-ks.com
Besnik Qazimaj B.I.,811504853,Regjistruar,+38349835699,qazimajbesnik50@gmail.com
Nikollë Merditaj B.I.,811504796,Regjistruar,+38345836868,sk@email.com
URBAN HOME INVESTMENT SH.P.K.,811504770,Regjistruar,+38344172652,arch.group@hotmail.com
Islam Golaj B.I.,811503889,Regjistruar,+38344290112,beni_g_@hotmail.com
TELAKU CONSTRUCTION L.L.C.,811503409,Regjistruar,+38343941159,telakuerduan@gmail.com
ERZA MMS SH.P.K.,811503201,Regjistruar,+38349891305,muhamet.sutaj5@hotmail.com
Vëllezërit Kuçi SH.P.K.,811503178,Regjistruar,+38344709709,armendonkuqi@hotmail.com
KT Group  SH.P.K.,811503087,Regjistruar,+38349480280,office.ktgroup@gmail.com
Edon Zeneli B.I.,811502766,Regjistruar,+38344848813,edon.zeneli@stud.kolegji-heimerer.eu
Shaban Zenelaj B.I.,811502758,Regjistruar,+38344125435,shabanzenelaj70@gmail.com
Egzon Maxharri B.I.,811502576,Regjistruar,+38344707140,emaxharri15515@gmail.com
LORENA Construction Group SH.P.K.,811502146,Regjistruar,+38338349505,constructionl2020@gmail.com
Vam Invest SH.P.K.,811501651,Regjistruar,+38349337678,dardan@vamtrade.com
Cana Premium SH.P.K.,811501601,Regjistruar,+38345404824,canapremiumshpk@gmail.com
ERONA Engineering SH.P.K.,811501552,Regjistruar,+38344188378,haxhi.meta@outlook.com
BEOTECH SH.P.K.,811501502,Regjistruar,+38344521666,beotechshpk@gmail.com
ArchECM SH.P.K.,811501411,Regjistruar,+38349139139,archdafina@gmail.com
Basri Aliu B.I.,811500760,Regjistruar,+38349852973,besimtari5@hotmail.com
BC BENI DEKOR SH.P.K.,811500687,Regjistruar,+38349698437,bcbenidekos@gmail.com
CON X SH.P.K.,811500645,Regjistruar,+38344100861,shkelzim.conx@gmail.com
GENI GROUP  SH.P.K.,811500439,Regjistruar,+38345247669,genigroup2021@gmail.com
SHKODRA invest SH.P.K.,811500158,Regjistruar,+38345513561,parimshkodra@hotmail.com
FEDSAM INVEST GROUP  SH.P.K.,811500083,Regjistruar,+38345303144,alfredgerbeshi1@gmail.com
GRYKA COMPANY SH.P.K.,811499913,Regjistruar,+38343879470,grykacompany@gmail.com
Verdita Morina B.I.,811499905,Regjistruar,+38344204778,morinan19@gmail.com
NN ANDI GRUP SH.P.K.,811499567,Regjistruar,+38344404778,nnpandigroup@gmail.com
Mastering Company SH.P.K.,811499492,Regjistruar,+38343505577,mastering.ks@gmail.com
ELITE Contracting SH.P.K.,811498767,Regjistruar,+38349286456,diedonreqica@live.com
H&A Group  SH.P.K.,811498535,Regjistruar,+38345633647,hagroupshpk@gmail.com
Stone Invest Group SH.P.K.,811498436,Regjistruar,+38344928065,stoneinvestgroup@gmail.com
MAVRAJ COMPANY SH.P.K.,811498303,Regjistruar,+38349414225,delimavraj@gmail.com
PALACE FN SH.P.K.,811498080,Regjistruar,+38349352342,info@sigma-ks.com
H&M   BAU SH.P.K.,811498064,Regjistruar,+38349100636,llugani@hotmail.com
FAR INVEST SH.P.K.,811498022,Regjistruar,+38344352273,agronhajredini4@gmail.com
NPN Morina 7 SH.P.K.,811497355,Regjistruar,+38349848797,dreni.91@gmail.com
DITI GROUP SH.P.K.,811497082,Regjistruar,+38343970518,ismetkrasniqi19@icloud.com
Bao Group  SH.P.K.,811497074,Regjistruar,+38344564444,bekim@hotmail.com
A&S DEKOR  SH.P.K.,811496547,Regjistruar,+38345800975,adnanstublla@hotmail.com
VK Ing SH.P.K.,811496539,Regjistruar,+38349158790,valdetkrasniqi2016@gmail.com
M P Group SH.P.K.,811496521,Regjistruar,+38344156604,rrema442@gmail.com
Dardanija Group SH.P.K.,811496290,Regjistruar,+38344232638,dardanijagroup@gmail.com
KABASHI CONSTRUCTION SH.P.K.,811495854,Regjistruar,+38349819917,vetonnkabashi@gmail.com
Dionit Haxhijaj B.I.,811495664,Regjistruar,+38349216975,dionit_haxhijaj2000@hotmail.com
IMMO SWISS SH.P.K.,811495573,Regjistruar,+38344732569,immoswiss.ks@gmail.com
Behar A. Osmani B.I.,811495557,Regjistruar,+38349573568,extreme.boy4@shqiptar.eu
MBE EMINI SH.P.K.,811495523,Regjistruar,+38345403255,kt_fer@hotmail.com
LAMBDA CONSTRUCTION SH.P.K.,811495292,Regjistruar,+38349355852,lambdaconstructionshpk@gmail.com
Ka&Pe Oil  SH.P.K.,811495193,Regjistruar,+38349625444,visar.maliqi05@gmail.com
BESI DION SH.P.K.,811495119,Regjistruar,+38344620542,besnikhasani968@gmail.com
Kujtim S. Shala B.I.,811494418,Regjistruar,+38344402521,shalakujtim49@gmail.com
Ariani Construction NG SH.P.K.,811494129,Regjistruar,+38344400400,info@nbconsulting-ks.com
BLEDI  BXH SH.P.K.,811494054,Regjistruar,+38349347291,xhoxhajbledar@gmail.com
QUPEVA CONSTRUCTION SH.P.K.,811493494,Regjistruar,+38345635793,qupevaconstruction@gmail.com
Orienti Construction SH.P.K.,811493361,Regjistruar,+38349443181,bessi.10@hotmail.com
POUK Group SH.P.K.,811492909,Regjistruar,+38344176184,hs_pouk@hotmail.com
IA EUSA SH.P.K.,811492735,Regjistruar,+38344904265,eafinancellc@gmail.com
Profi Project SH.P.K.,811492131,Regjistruar,+38344215363,profi.projekt.profi@gmail.com
B&E CONSTRUCTION SH.P.K.,811491133,Regjistruar,+38344170593,medd.1@hotmail.com
Jetoni Bau  SH.P.K.,811490945,Regjistruar,+38345583707,ngadhnjimpodvorica@live.com
Eurovia Kosova SH.P.K.,811490531,Regjistruar,+38976266666,elmedin@eurovia.mk
IBISHI Group SH.P.K.,811489849,Regjistruar,+38344797276,edonis.i@outlook.com
GL Constructionn SH.P.K.,811489675,Regjistruar,+38344290881,glconstructionn@gmail.com
LAKE SH.P.K.,811489641,Regjistruar,+38344647322,muhabi.mustafa1@gmail.com
ATIKA PLUS L.L.C.,811488867,Regjistruar,+38344400545,atika.ccd@gmail.com
ANDRRA INVEST   L.L.C.,811488726,Regjistruar,+38349777434,intuitgroup@outlook.com
Arboni AD SH.P.K.,811488411,Regjistruar,+38344219470,arbonish.p.k@gmail.com
KS Pro SH.P.K.,811488338,Regjistruar,+38344974974,kspro@gmail.com
WEZIR L.L.C.,811488198,Regjistruar,+38349115911,info@boldconsulting.info
FOCUS INVEST  L.L.C.,811487851,Regjistruar,+38349777434,intuitgroup@outlook.com
ALFA HOME SH.P.K.,811487819,Regjistruar,+38344521171,info@alfaqeramika.com
NPN Intercon M SH.P.K.,811487794,Regjistruar,+38343700099,erblinsadikuu@gmail.com
TREND ZONE Group SH.P.K.,811487710,Regjistruar,+38338777333,trendzone.shpk@gmail.com
INVEST ALFA  SH.P.K.,811486936,Regjistruar,+38344437086,alfainvest130@gmail.com
A&G Building L.L.C.,811486423,Regjistruar,+38348300849,info@balance-ks.com
SHALA GARDEN BAU SH.P.K.,811486093,Regjistruar,+38345687487,ronejupi@gmail.com
LORD HOLDING  SH.P.K.,811485871,Regjistruar,+38349900920,info.lordholding@gmail.com
AZ & Urban Grup  G.P.,811485756,Regjistruar,+38349989999,info@urbangrup.com
NIKOLLA COMPANY   SH.P.K.,811485607,Regjistruar,+38349640674,zhaklina.u@hotmail.com
Romix Construction L.L.C.,811485441,Regjistruar,+38349425832,ponxhai@hotmail.com
Mega Construction SH.P.K.,811485409,Regjistruar,+38344726834,armdubova@gmail.com
Mega Agency SH.P.K.,811485384,Regjistruar,+38344726834,armdubova@gmail.com
Krasniqi Bau SH.P.K.,811485318,Regjistruar,+38349830535,krasniqibau1@gmail.com
TECHNO INVEST SH.P.K.,811485235,Regjistruar,+38349231317,viganshala9@gmail.com
TACI COMPANY SH.P.K.,811484641,Regjistruar,+38344397848,tacishpk@gmail.com
Green bau SH.P.K.,811484576,Regjistruar,+38345967145,greenbau1@gmail.com
HORIZONTI GROUP SH.P.K.,811484386,Regjistruar,+38343776624,prkosove@hotmail.com
Butrinti INL SH.P.K.,811484097,Regjistruar,+38344403555,info@city-accounting.com
NR74 SH.P.K.,811483916,Regjistruar,+38349325333,nr.74shpk@gmail.com
Compact Solutions SH.P.K.,811483792,Regjistruar,+38349878874,compactsolutions.rks@gmail.com
Dashi Univerzal SH.P.K.,811483700,Regjistruar,+38344353899,dashiuniverzal@gmail.com
Bajram Re. Morina B.I.,811483453,Regjistruar,+38349678284,bajram96morina@gmail.com
KASTRATI BUILDING SH.P.K.,811483180,Regjistruar,+38344119222,kastrati.b2020@gmail.com
INTER CONSTRUCTION GROUP SH.P.K.,811482900,Regjistruar,+38345621721,fatlumikosovaturist@gmail.com
Flori Bau AG SH.P.K.,811482736,Regjistruar,+38345411353,gezimbaliu@gmail.com
ELMONT RESIDENCE SH.P.K.,811482257,Regjistruar,+38349927927,elmontresidence@gmail.com
SHALA KUBZA SH.P.K.,811481952,Regjistruar,+38344381837,leotrimshala555@gmail.com
Zejnel Luzha B.I.,811480699,Regjistruar,+38344727378,twins.78@gmail.com
RAFETI SH.P.K.,811480607,Regjistruar,+38344342818,gs_net@hotmail.com
Gjilan Mall J.S.C.,811480483,Regjistruar,+38348883300,elionoxa@gmail.com
G&L CONSTRUCTION SH.P.K.,811480110,Regjistruar,+38349463341,bb.ademaj@hotmail.com
GREEN INVEST L.L.C.,811480045,Regjistruar,+38344878844,armend.grainca@yahoo.com
Gate Group L.L.C.,811479337,Regjistruar,+38345399990,berati@koralgroup.com
DJELLI & MALI SH.P.K.,811479270,Regjistruar,+38344440115,mali@gmail.com
LIRIDONI ING  SH.P.K.,811478785,Regjistruar,+38344669607,besmirmusaj1@gmail.com
Rilindja Group L.L.C.,811478496,Regjistruar,+38349115911,info@boldconsulting.info
BESI XH CONSTUCTION SH.P.K.,811478454,Regjistruar,+38344252062,beslimmehmetaj@gmail.com
Agon I. Bytyqi B.I.,811478082,Regjistruar,+38344474136,bytyqibau.2020@gmail.com
Froni construction SH.P.K.,811476193,Regjistruar,+38349323399,fronishpk@gmail.com
Dorent Rushiti B.I.,811474600,Regjistruar,+38344605165,dorent.rushiti.01@gmail.com
GREEN RESIDENCE SH.P.K.,811474444,Regjistruar,+38349666193,greenresidenceshpk@gmail.com
Beqir Sh. Kastrati B.I.,811474147,Regjistruar,+38345553239,beqirkastrati40@gmail.com
HI PRO SH.P.K.,811473529,Regjistruar,+38349747464,hi.pro.shpk@gimail.com
MMMAK L.L.C.,811472795,Regjistruar,+38344116365,mak.shpk.ks@gmail.com
BV GROUP SH.P.K.,811472711,Regjistruar,+38349662630,foniqib0@gmail.com
EFICAS GROUP SH.P.K.,811472571,Regjistruar,+38344413566,bujar.h@gmail.com
FEP IL SH.P.K.,811472349,Regjistruar,+38343740025,ilirterunja45@gmail.com
Ismeta  Spahikj B.I.,811472084,Regjistruar,+38345848548,xh_pacolli@hotmail.com
NUR INVEST GROUP  L.L.C.,811472034,Regjistruar,+38345220090,nur-invest-group@hotmail.com
URBAN CONSTRUCTION FER SH.P.K.,811471771,Regjistruar,+38344377717,flutra_haziri@hotmail.com
FIABA BAU SH.P.K.,811471648,Regjistruar,+38345971679,fiaba.bau@gmail.com
SB KAZAZI SH.P.K.,811471474,Regjistruar,+38345414818,elmi.qerimi@gmail.com
Rifat R. Shala B.I.,811471135,Shuar,+38344383515,rshala@gmail.com
B & D ENGINEERING SH.P.K.,811470989,Regjistruar,+38345400005,b_dengineering@yahoo.com
Alban Kukaj B.I.,811469453,Regjistruar,+38345479039,alban-kukaj@universitetiaab.com
Kluna Bau SH.P.K.,811469354,Regjistruar,+38344339769,info@upaccounts.org
Zariqi Color SH.P.K.,811468843,Regjistruar,+38345423245,bujarzariqi98@gmail.com
Sheff Construction SH.P.K.,811468356,Regjistruar,+38344453134,sheffconstruction@gmail.com
Mendrit Miftari B.I.,811468348,Regjistruar,+38345699587,mendritmiftari@gmail.com
MONOLIT Construction L.L.C.,811466483,Regjistruar,+38349164198,hotiarbeer@gmail.com
Alika Construction  L.L.C.,811466110,Regjistruar,+38344110111,alika-construction@hotmail.com
ADN GROUP SH.P.K.,811464247,Regjistruar,+38345494946,ADNGROUPSHPK@GMAIL.COM
GROUP DECOR SH.P.K.,811464221,Regjistruar,+38349884890,florjan.i.bytyqi@gmail.com
Alb Holding  SH.P.K.,811464172,Regjistruar,+38349105555,holdingalb2@gmail.com
Mergim Rrustemi B.I.,811463562,Regjistruar,+38343752601,valoni@hotmail.com
ROKA CONSTRUCTION SH.P.K.,811463554,Regjistruar,+38344724363,roka.gazmend@gmail.com
AF PROJECT SH.P.K.,811463497,Regjistruar,+38344146485,afproject@gmail.com
EMINI KONSTRUCTION  SH.P.K.,811463455,Regjistruar,+38349280159,mentorzymeri@gmail.com
HATI GROUP SH.P.K.,811463273,Regjistruar,+38344694111,hati@htmail.com
HAZIR CONSTRUCTION SH.P.K.,811463257,Regjistruar,+38344246821,hazirishpk01@gmail.com
DEVAS  Group SH.P.K.,811463083,Regjistruar,+38344122876,devas.2020@hotmail.com
EGZONI HM  SH.P.K.,811462449,Regjistruar,+38344208222,egzonishpk2020@gmail.com
NB Construction SH.P.K.,811461938,Regjistruar,+38344400400,info@nb-ks.com
KOM RESIDENCE  SH.P.K.,811461590,Regjistruar,+38349102600,kmresidencee@gmail.com
SOKOLI  GROUP SH.P.K.,811461441,Regjistruar,+38344756442,sk@email.com
BUILD X ENGINEERING SH.P.K.,811461368,Regjistruar,+38349878487,buildx.engineering@gmail.com
Shaban Seferi B.I.,811461300,Regjistruar,+38349437885,shtime2014@gmail.com
RILINDI CONSTRUCTION  SH.P.K.,811461227,Shuar,+38345486469,rilindi-construction1@hotmail.com
METI BAU  SH.P.K.,811461061,Regjistruar,+38344198828,meticomshpk@gmail.com
HOXHAJ CONSTRUCTION SH.P.K.,811460980,Regjistruar,+38344686577,ea.kontabilitet@hotmail.com
Shpetim Xani B.I.,811460683,Regjistruar,+38343538841,shpetimxani93@gmail.com
RB GROUP 01 SH.P.K.,811459545,Regjistruar,+38349751615,petritsinani@hotmail.com
ICONIS SH.P.K.,811459488,Regjistruar,+38344100670,ekrem.beqa@hotmail.com
Vuca Brothers Group SH.P.K.,811459248,Regjistruar,+38345687995,gezim@vucaagency.com
PRIMA PROJECT & CONSTRUCTION SH.P.K.,811458761,Regjistruar,+38349329990,ftjona.galani@gmail.com
EURO INTERNATIONAL COMPANY  L.L.C.,811458349,Regjistruar,+38349778444,eurocompanyllc@gmail.com
STANDARD HOME D.O.O.,811458266,Regjistruar,+38344422225,grbic807@gmail.com
Vllaznim Be. Krasniqi B.I.,811458109,Regjistruar,+38349809580,vllazbim@hotmail.com
VT Construction  SH.P.K.,811458084,Regjistruar,+38344498106,lesserooniti@gmail.com
ALNI CONSTRUCTION SH.P.K.,811457945,Regjistruar,+38349405040,alniproject@hotmail.com
BRIGHT CONSTRUCTION SH.P.K.,811457755,Regjistruar,+38345481975,ea.kontabilitet@hotmail.com
4 GROUP COMPANY SH.P.K.,811457630,Regjistruar,+38344307830,blerimi@hotmail.com
GRID CONSTRUCTION SH.P.K.,811456872,Regjistruar,+38345481975,ea.kontabilitet@hotmail.com
MASTER INVEST SH.P.K.,811455733,Regjistruar,+38349379764,masterinvestshpk@gmail.com
HAWK CONSTRUCTION SH.P.K.,811455585,Regjistruar,+38349181627,hawkconstructionshpk@gmail.com
Ndërmarrja Projektuese Ndërtimore Project Ing SH.P.K.,811455444,Regjistruar,+37744439009,projecting78@gmail.com
ENTER GROUP  L.L.C.,811455345,Regjistruar,+38344508434,entergroup5@hotmail.com
SKY 7 Construction  SH.P.K.,811454991,Regjistruar,+38345557555,vsadulla@gmail.com
Qendrimi Construction SH.P.K.,811454876,Regjistruar,+38349692753,bashkimhetemi@gmail.com
B&N Bau SH.P.K.,811454777,Regjistruar,+38344145028,likuiditeti@gmail.com
EBResidence SH.P.K.,811454511,Regjistruar,+38349999930,EBresidence@hotmail.com
Valon Se. Hoxha B.I.,811453422,Regjistruar,+38349155987,seli-geca@hotmail.com
BINAKI BAU BB  SH.P.K.,811452961,Regjistruar,+38349271700,binaku.bau.bb.shpk@gmail.com
Florian Qeriqi B.I.,811452896,Regjistruar,+38345830671,VËLLEZËRITQERIQI@hotmail.com
AGULLIMI & B3 Group SH.P.K.,811452317,Regjistruar,+38343900124,betim.h71@gmail.com
EDEN Group SH.P.K.,811452078,Regjistruar,+38344666903,qazim57sadiku@hotmail.com
Durak Maliqi B.I.,811451989,Regjistruar,+38345484671,durakmaliqi@hotmail.com
PLUS TRADE L.L.C.,811451864,Regjistruar,+38345548595,plus-trade@hotmail.com
Atlantic Amici SH.P.K.,811451351,Regjistruar,+38349280007,atlanticamichi@gmail.com
DARD Construction SH.P.K.,811450783,Regjistruar,+38349621234,cityviewdistrict@gmail.com
Anatolia Engineering Co SH.P.K.,811450478,Regjistruar,+38343931672,anatoliaengineering@gmail.com
Fortuna Holding Company SH.P.K.,811450238,Regjistruar,+38343503334,yllnorosmani@gmail.com
TMG GROUP SH.P.K.,811450147,Regjistruar,+38345810111,mergimbinaku@gmail.com
KOHA CONSTRUCTION SH.P.K.,811449471,Regjistruar,+38349888843,besnik.asalihu@gmail.com
Halil Fangu B.I.,811449405,Regjistruar,+38344572370,bbdoli@hotmail.com
VLLEZERIT ASLLANI & ONE INVEST SH.P.K.,811449322,Regjistruar,+38349520600,vllezeritasllanioneinvest@gmail.com
JAHJA CONSTRUCTION SH.P.K.,811449140,Regjistruar,+38349204543,blerimduriqi@hotmail.com
Arek  DC  SH.P.K.,811448796,Regjistruar,+38349502016,arton.demaku@gmail.com
REKA BAU SH.P.K.,811448564,Regjistruar,+38344720811,egzonreka@hotmail.com
Albanian Bussines Group L.L.C.,811448499,Regjistruar,+03553711111,tufa_artur@yahoo.com
B Ademaj SH.P.K.,811448001,Regjistruar,+38344217937,b-ademaj@live.com
KZE CONSTRUCTIONS L.L.C.,811447912,Regjistruar,+38343757575,kristian.zef.ks@gmail.com
EDI  Group SH.P.K.,811447714,Regjistruar,+38349297742,lentipepi@hotmail.com
TREND ORGANIZIM DREJTIM RINDERTIM SH.P.K.,811447623,Regjistruar,+38346330000,zejnajastrit@gmail.com
CITY INVEST SH.P.K.,811446807,Regjistruar,+38349859999,CityInvest.2020@gmail.com
NORD INVEST SH.P.K.,811446443,Regjistruar,+38345507807,nordinvest.shpk@gmail.com
A & E  Dega në Kosovë,811445502,Regjistruar,+38349141316,ae_sh.p.k@hotmail.com
Spectra Ing SH.P.K.,811445114,Regjistruar,+38345298268,spektrashpk@hotmail.com
Nor Tini SH.P.K.,811445007,Regjistruar,+38344640254,nortinishpk@gmail.com
Gent Abdyli B.I.,811444794,Regjistruar,+38344111906,luli.eko@gmail.com
BY ENI L.L.C.,811444174,Regjistruar,+38346300111,info@byeni.com
MISINI Z & R SH.P.K.,811442889,Regjistruar,+38349679765,afrimmisini0@gmail.com
Blini Invest SH.P.K.,811442699,Regjistruar,+38344171897,blini-invest@hotmail.com
XANI INVEST GROUP SH.P.K.,811441732,Regjistruar,+38344649217,infi@vllezritxani.com
Astral Construction SH.P.K.,811441245,Regjistruar,+38349136504,info@city-accounting.com
UAN Project SH.P.K.,811441005,Regjistruar,+38349134549,uan.shpk@gmail.com
Etnik Sefa B.I.,811440312,Regjistruar,+38344416202,liridonkonushevci@gmail.com
BLAKAJ UXHB SH.P.K.,811439480,Regjistruar,+38349842404,ukshin2010@live.com
PRISHTINA DEKOR SH.P.K.,811439183,Regjistruar,+38344855062,luliboshnjakuu79@outlook.com
SOPA BAU L.L.C.,811438474,Regjistruar,+38345333553,sopabau.lipjan@gmail.com
JETISHI Invest Group SH.P.K.,811438044,Regjistruar,+38349725288,fisnikjetishi@gmail.com
FEN METAL ALUMINIYUM  SH.P.K.,811437666,Regjistruar,+38344531478,ahmetcyildiz61@gmail.com
EUROBLEDI SH.P.K.,811437567,Regjistruar,+38344230626,eurobledishpk@gmail.com
I and B CONSTRUCTION SH.P.K.,811436337,Regjistruar,+38349394486,iliriconstruction@gmail.com
Skender Lalaj B.I.,811436212,Regjistruar,+38344351879,skenderlalajpz@gmail.com
BSR BAUMANAGEMENT AG Dega në Kosovë,811436056,Regjistruar,+38349961418,bsrkosova@gmail.com
SIARI PROJECT SH.P.K.,811435909,Regjistruar,+38345594115,kelmendisefer@gmail.com
ARCONS SH.P.K.,811435222,Regjistruar,+38344175765,sherafedin@hotmail.com
AAMMA COMPANY SH.P.K.,811435123,Regjistruar,+38344493428,aamcompany02@gmail.com
Swiss Real Estate Company L.L.C.,811434612,Regjistruar,+38343771765,avnibibaj18@gmail.com
PerVA Bau SH.P.K.,811434167,Regjistruar,+38349116123,hekuranjununiku1@gmail.com
Swiss Investment AG2 SH.P.K.,811433416,Regjistruar,+38343758666,burhan87@gmx.ch
NB & Partners Group SH.P.K.,811433333,Regjistruar,+38349999600,info@nb-ks.com
NDËRTIMI AK SH.P.K.,811433309,Regjistruar,+38344261509,nnshndertimi@gmail.com
PC RESIDENCE SH.P.K.,811433002,Regjistruar,+38348898565,ska@hotmail.com
Strong Group SH.P.K.,811432971,Shuar,+38345627035,info@strongks.com
Alpi Construction SH.P.K.,811432856,Regjistruar,+38345261161,alpi.construction.shpk@gmail.com
TECOL CONSTRUCTION L.L.C.,811432749,Regjistruar,+38349694556,JETONLOXHA@GMAIL.COM
G Pro Group SH.P.K.,811432690,Regjistruar,+38344466347,gpro.group10@gmail.com
VLLEZERIT ASLLANI & RRONI FER SH.P.K.,811432591,Regjistruar,+38349601301,vasllanirronifer@gmail.com
BASHK DEKOR SH.P.K.,811432393,Regjistruar,+38349221089,arbeni_hasani@hotmail.com
A SYSTEM INVEST SH.P.K.,811432210,Regjistruar,+38344210457,a.system.invest@gmail.com
PRAMIT INSAAT L.L.C.,811432111,Regjistruar,+38344773555,evket-akbulut@hotmail.com
VICTORIA N  SH.P.K.,811431486,Regjistruar,+38344453930,nexhatlika@hotmail.com
MIZI SH.P.K.,811431395,Regjistruar,+38344212137,fidanhamdiu@gmail.com
DURI CONSTRUCTION SH.P.K.,811431337,Regjistruar,+38349103135,OsmanBytyqi86@hotmail.com
BELLIS IMMO SH.P.K.,811431262,Regjistruar,+38344404135,dardan.malushaga@dino-company.com
BVM Construction SH.P.K.,811431246,Regjistruar,+38344172266,vesel.mustafaa@gmail.com
AZ Building Development  L.L.C.,811431030,Regjistruar,+38349141418,shkoza@gmail.com
BAU INVEST SH.P.K.,811430644,Regjistruar,+38344100610,vegimzylfiu@gmail.com
SSB LUMA SH.P.K.,811430173,Regjistruar,+38344588500,ssblumashpk@gmail.com
STANDARD BETON  SH.P.K.,811430157,Regjistruar,+38345111106,zariqi.vz@gmail.com
SHED SH.P.K.,811430090,Regjistruar,+38349765090,shkumbinspahija@outlook.com
PROGEEN SHPK Dega në Kosovë,811430008,Regjistruar,+38349315493,avni_demiraj@hotmail.com
Hajdar Ibraj B.I.,811429936,Regjistruar,+38344627020,vellezeritibraj@hotmail.com
Normativa Construction SH.P.K.,811429647,Regjistruar,+38349427101,normativaconstruction@gmail.com
Armendon Kuçi B.I.,811429605,Shuar,+38344709709,armendonkuqi@hotmail.com
ACE GROUP SH.P.K.,811429407,Regjistruar,+38349438669,cyhn_ylmz1@hotmail.com
TOSKA BAU SH.P.K.,811428946,Regjistruar,+38345649378,arbenntoska9@gmail.com
Blertan Krrabaj B.I.,811428730,Regjistruar,+38349513020,diarkrrabaj2@gmail.com
STRONG CONSTRUCTION  SH.P.K.,811428706,Regjistruar,+38343866664,finance.fsat@gmail.com
Dea Group Construction  SH.P.K.,811428574,Regjistruar,+38344174849,deazeneli10@gmail.com
Dini Construction SH.P.K.,811428219,Regjistruar,+38349361577,valdrinkryeziu0@gmail.com
NuraNdërtim SH.P.K.,811428201,Regjistruar,+38349195808,nurashpk@gmail.com
Hamit Bytyqi B.I.,811427443,Regjistruar,+38349152314,hamitt.bytyqi@gmail.com
THE NORD GROUP L.L.C.,811427386,Regjistruar,+38338404044,thenordgroupeu@gmail.com
Fidani i Vogël SH.P.K.,811426883,Regjistruar,+38349606539,izetbasholli@gmail.com
Trio building SH.P.K.,811426792,Regjistruar,+38349731485,isaderguti1@gmail.com
MATRIX Constuction SH.P.K.,811426768,Regjistruar,+38349670213,xeni50@hotmail.com
Selmans Construction SH.P.K.,811426619,Regjistruar,+38345544544,info@selmans.net
Njazi Bajrami B.I.,811425942,Regjistruar,+38344509242,i.nazifi@vorae.org
Milazim Osmani B.I.,811425710,Regjistruar,+38349480652,milazimi@hotmail.com
EDA ing SH.P.K.,811425554,Regjistruar,+38349519446,dardidaki@hotmail.com
LUMI Construction SH.P.K.,811425455,Regjistruar,+38344882468,avni_murseli1@hotmail.com
Fehmi H. Emini B.I.,811425439,Regjistruar,+38349321985,fehmi.emini738@gmail.com
Afrim B. Hajdini B.I.,811425405,Regjistruar,+38349541064,afrimi@hotmail.com
